id,firstname,lastname,email,email2,profession
100,Marline,Eugenia,Marline.Eugenia@yopmail.com,Marline.Eugenia@gmail.com,developer
101,Orsola,Gert,Orsola.Gert@yopmail.com,Orsola.Gert@gmail.com,developer
102,Elbertina,Vanni,Elbertina.Vanni@yopmail.com,Elbertina.Vanni@gmail.com,worker
103,Jinny,Krystle,Jinny.Krystle@yopmail.com,Jinny.Krystle@gmail.com,police officer
104,Linzy,Love,Linzy.Love@yopmail.com,Linzy.Love@gmail.com,developer
105,Tomasina,Maribeth,Tomasina.Maribeth@yopmail.com,Tomasina.Maribeth@gmail.com,developer
106,Dawn,Soneson,Dawn.Soneson@yopmail.com,Dawn.Soneson@gmail.com,developer
107,Sybille,Eachern,Sybille.Eachern@yopmail.com,Sybille.Eachern@gmail.com,doctor
108,Johna,Tiffa,Johna.Tiffa@yopmail.com,Johna.Tiffa@gmail.com,developer
109,Joelly,Oriana,Joelly.Oriana@yopmail.com,Joelly.Oriana@gmail.com,police officer
110,Gavrielle,Presber,Gavrielle.Presber@yopmail.com,Gavrielle.Presber@gmail.com,developer
111,Kial,Nickola,Kial.Nickola@yopmail.com,Kial.Nickola@gmail.com,police officer
112,Gerrie,Byrne,Gerrie.Byrne@yopmail.com,Gerrie.Byrne@gmail.com,worker
113,Beverley,Heidt,Beverley.Heidt@yopmail.com,Beverley.Heidt@gmail.com,police officer
114,Jaime,Letsou,Jaime.Letsou@yopmail.com,Jaime.Letsou@gmail.com,doctor
115,Jessy,Ochs,Jessy.Ochs@yopmail.com,Jessy.Ochs@gmail.com,worker
116,Beatriz,Lacombe,Beatriz.Lacombe@yopmail.com,Beatriz.Lacombe@gmail.com,doctor
117,Augustine,Ranjiv,Augustine.Ranjiv@yopmail.com,Augustine.Ranjiv@gmail.com,police officer
118,Anallese,Luhe,Anallese.Luhe@yopmail.com,Anallese.Luhe@gmail.com,developer
119,Karly,Wildermuth,Karly.Wildermuth@yopmail.com,Karly.Wildermuth@gmail.com,doctor
120,Eolanda,Joni,Eolanda.Joni@yopmail.com,Eolanda.Joni@gmail.com,firefighter
121,Caryl,Georgy,Caryl.Georgy@yopmail.com,Caryl.Georgy@gmail.com,worker
122,Estell,Alabaster,Estell.Alabaster@yopmail.com,Estell.Alabaster@gmail.com,police officer
123,Juliane,Magdalen,Juliane.Magdalen@yopmail.com,Juliane.Magdalen@gmail.com,firefighter
124,Joceline,Lea,Joceline.Lea@yopmail.com,Joceline.Lea@gmail.com,doctor
125,Caryl,Jacqui,Caryl.Jacqui@yopmail.com,Caryl.Jacqui@gmail.com,worker
126,Patricia,Rebecka,Patricia.Rebecka@yopmail.com,Patricia.Rebecka@gmail.com,police officer
127,Nita,Gilbertson,Nita.Gilbertson@yopmail.com,Nita.Gilbertson@gmail.com,firefighter
128,Rozele,Astra,Rozele.Astra@yopmail.com,Rozele.Astra@gmail.com,developer
129,Debee,Mauer,Debee.Mauer@yopmail.com,Debee.Mauer@gmail.com,police officer
130,Letizia,Silvan,Letizia.Silvan@yopmail.com,Letizia.Silvan@gmail.com,police officer
131,Sarette,Schroth,Sarette.Schroth@yopmail.com,Sarette.Schroth@gmail.com,police officer
132,Briney,Adamsen,Briney.Adamsen@yopmail.com,Briney.Adamsen@gmail.com,firefighter
133,Bibby,Eckblad,Bibby.Eckblad@yopmail.com,Bibby.Eckblad@gmail.com,police officer
134,Norine,McLaughlin,Norine.McLaughlin@yopmail.com,Norine.McLaughlin@gmail.com,developer
135,Odessa,Holtz,Odessa.Holtz@yopmail.com,Odessa.Holtz@gmail.com,police officer
136,Ekaterina,Screens,Ekaterina.Screens@yopmail.com,Ekaterina.Screens@gmail.com,police officer
137,Merci,Land,Merci.Land@yopmail.com,Merci.Land@gmail.com,doctor
138,Mamie,Dreda,Mamie.Dreda@yopmail.com,Mamie.Dreda@gmail.com,developer
139,Carilyn,Faro,Carilyn.Faro@yopmail.com,Carilyn.Faro@gmail.com,police officer
140,Janenna,Mullane,Janenna.Mullane@yopmail.com,Janenna.Mullane@gmail.com,doctor
141,Tori,Zuzana,Tori.Zuzana@yopmail.com,Tori.Zuzana@gmail.com,police officer
142,Courtnay,Aaberg,Courtnay.Aaberg@yopmail.com,Courtnay.Aaberg@gmail.com,worker
143,Carol-Jean,Haldas,Carol-Jean.Haldas@yopmail.com,Carol-Jean.Haldas@gmail.com,police officer
144,Clo,Killigrew,Clo.Killigrew@yopmail.com,Clo.Killigrew@gmail.com,developer
145,Norine,Standing,Norine.Standing@yopmail.com,Norine.Standing@gmail.com,worker
146,Rani,Raychel,Rani.Raychel@yopmail.com,Rani.Raychel@gmail.com,developer
147,Marline,Joeann,Marline.Joeann@yopmail.com,Marline.Joeann@gmail.com,firefighter
148,Daryl,Elo,Daryl.Elo@yopmail.com,Daryl.Elo@gmail.com,developer
149,Merrie,Brunell,Merrie.Brunell@yopmail.com,Merrie.Brunell@gmail.com,police officer
150,Nerta,Rosette,Nerta.Rosette@yopmail.com,Nerta.Rosette@gmail.com,doctor
151,Kimmy,Cloris,Kimmy.Cloris@yopmail.com,Kimmy.Cloris@gmail.com,doctor
152,Mara,Abbot,Mara.Abbot@yopmail.com,Mara.Abbot@gmail.com,firefighter
153,Aimil,Jacqui,Aimil.Jacqui@yopmail.com,Aimil.Jacqui@gmail.com,doctor
154,Gale,Freddi,Gale.Freddi@yopmail.com,Gale.Freddi@gmail.com,developer
155,Jany,Ortrude,Jany.Ortrude@yopmail.com,Jany.Ortrude@gmail.com,doctor
156,Catharine,Iphlgenia,Catharine.Iphlgenia@yopmail.com,Catharine.Iphlgenia@gmail.com,doctor
157,Hollie,Nerita,Hollie.Nerita@yopmail.com,Hollie.Nerita@gmail.com,developer
158,Dennie,Gualtiero,Dennie.Gualtiero@yopmail.com,Dennie.Gualtiero@gmail.com,worker
159,Diena,Blisse,Diena.Blisse@yopmail.com,Diena.Blisse@gmail.com,firefighter
160,Kate,Marcellus,Kate.Marcellus@yopmail.com,Kate.Marcellus@gmail.com,worker
161,Alexine,Willie,Alexine.Willie@yopmail.com,Alexine.Willie@gmail.com,police officer
162,Nanete,Isidore,Nanete.Isidore@yopmail.com,Nanete.Isidore@gmail.com,doctor
163,Peri,Sisile,Peri.Sisile@yopmail.com,Peri.Sisile@gmail.com,doctor
164,Aryn,Hertzfeld,Aryn.Hertzfeld@yopmail.com,Aryn.Hertzfeld@gmail.com,doctor
165,Darci,Gabrielli,Darci.Gabrielli@yopmail.com,Darci.Gabrielli@gmail.com,firefighter
166,Malina,Chesna,Malina.Chesna@yopmail.com,Malina.Chesna@gmail.com,doctor
167,Kial,Ursulette,Kial.Ursulette@yopmail.com,Kial.Ursulette@gmail.com,developer
168,Dotty,Maiah,Dotty.Maiah@yopmail.com,Dotty.Maiah@gmail.com,developer
169,Fredericka,Rona,Fredericka.Rona@yopmail.com,Fredericka.Rona@gmail.com,firefighter
170,Charissa,Capello,Charissa.Capello@yopmail.com,Charissa.Capello@gmail.com,firefighter
171,Jemie,Angelis,Jemie.Angelis@yopmail.com,Jemie.Angelis@gmail.com,worker
172,Allis,Evvie,Allis.Evvie@yopmail.com,Allis.Evvie@gmail.com,firefighter
173,Gavrielle,MacIntosh,Gavrielle.MacIntosh@yopmail.com,Gavrielle.MacIntosh@gmail.com,developer
174,Rosanne,Dituri,Rosanne.Dituri@yopmail.com,Rosanne.Dituri@gmail.com,firefighter
175,Gaylene,Holbrook,Gaylene.Holbrook@yopmail.com,Gaylene.Holbrook@gmail.com,developer
176,Celene,Sisile,Celene.Sisile@yopmail.com,Celene.Sisile@gmail.com,developer
177,Merci,Munn,Merci.Munn@yopmail.com,Merci.Munn@gmail.com,police officer
178,Barbara,Zola,Barbara.Zola@yopmail.com,Barbara.Zola@gmail.com,doctor
179,Margarette,Afton,Margarette.Afton@yopmail.com,Margarette.Afton@gmail.com,developer
180,Mady,Viddah,Mady.Viddah@yopmail.com,Mady.Viddah@gmail.com,worker
181,Phylis,Drisko,Phylis.Drisko@yopmail.com,Phylis.Drisko@gmail.com,firefighter
182,Selma,Dichy,Selma.Dichy@yopmail.com,Selma.Dichy@gmail.com,police officer
183,Anestassia,Bord,Anestassia.Bord@yopmail.com,Anestassia.Bord@gmail.com,doctor
184,Roseline,Harl,Roseline.Harl@yopmail.com,Roseline.Harl@gmail.com,doctor
185,Kerrin,Giff,Kerrin.Giff@yopmail.com,Kerrin.Giff@gmail.com,developer
186,Elvira,Blase,Elvira.Blase@yopmail.com,Elvira.Blase@gmail.com,doctor
187,Beatriz,Wesle,Beatriz.Wesle@yopmail.com,Beatriz.Wesle@gmail.com,firefighter
188,Karlee,Pyle,Karlee.Pyle@yopmail.com,Karlee.Pyle@gmail.com,worker
189,Oona,Auberbach,Oona.Auberbach@yopmail.com,Oona.Auberbach@gmail.com,worker
190,Vanessa,Lindemann,Vanessa.Lindemann@yopmail.com,Vanessa.Lindemann@gmail.com,doctor
191,Magdalena,Cherianne,Magdalena.Cherianne@yopmail.com,Magdalena.Cherianne@gmail.com,doctor
192,Amalie,Ortrude,Amalie.Ortrude@yopmail.com,Amalie.Ortrude@gmail.com,worker
193,Bee,Marcellus,Bee.Marcellus@yopmail.com,Bee.Marcellus@gmail.com,worker
194,Lulita,Cutlerr,Lulita.Cutlerr@yopmail.com,Lulita.Cutlerr@gmail.com,firefighter
195,Vinita,Leffen,Vinita.Leffen@yopmail.com,Vinita.Leffen@gmail.com,worker
196,Yolane,Loeb,Yolane.Loeb@yopmail.com,Yolane.Loeb@gmail.com,worker
197,Ashlee,Georgy,Ashlee.Georgy@yopmail.com,Ashlee.Georgy@gmail.com,developer
198,Paule,Malanie,Paule.Malanie@yopmail.com,Paule.Malanie@gmail.com,doctor
199,Ursulina,Soneson,Ursulina.Soneson@yopmail.com,Ursulina.Soneson@gmail.com,worker
200,Ethel,Tengdin,Ethel.Tengdin@yopmail.com,Ethel.Tengdin@gmail.com,police officer
201,Glynnis,Nadia,Glynnis.Nadia@yopmail.com,Glynnis.Nadia@gmail.com,worker
202,Susan,Izaak,Susan.Izaak@yopmail.com,Susan.Izaak@gmail.com,worker
203,Danny,Orpah,Danny.Orpah@yopmail.com,Danny.Orpah@gmail.com,developer
204,Belinda,Penelopa,Belinda.Penelopa@yopmail.com,Belinda.Penelopa@gmail.com,worker
205,Marcy,Harl,Marcy.Harl@yopmail.com,Marcy.Harl@gmail.com,firefighter
206,Caryl,Katrine,Caryl.Katrine@yopmail.com,Caryl.Katrine@gmail.com,firefighter
207,Quintina,McNully,Quintina.McNully@yopmail.com,Quintina.McNully@gmail.com,firefighter
208,Roxane,Cherianne,Roxane.Cherianne@yopmail.com,Roxane.Cherianne@gmail.com,doctor
209,Phylis,McAdams,Phylis.McAdams@yopmail.com,Phylis.McAdams@gmail.com,firefighter
210,Larine,Kevon,Larine.Kevon@yopmail.com,Larine.Kevon@gmail.com,firefighter
211,Meriel,Brieta,Meriel.Brieta@yopmail.com,Meriel.Brieta@gmail.com,developer
212,Kerrin,Stefa,Kerrin.Stefa@yopmail.com,Kerrin.Stefa@gmail.com,doctor
213,Tonia,Stelle,Tonia.Stelle@yopmail.com,Tonia.Stelle@gmail.com,firefighter
214,Alisha,Schenck,Alisha.Schenck@yopmail.com,Alisha.Schenck@gmail.com,doctor
215,Modestia,Arathorn,Modestia.Arathorn@yopmail.com,Modestia.Arathorn@gmail.com,doctor
216,Phedra,Tybald,Phedra.Tybald@yopmail.com,Phedra.Tybald@gmail.com,worker
217,Sheelagh,Garek,Sheelagh.Garek@yopmail.com,Sheelagh.Garek@gmail.com,firefighter
218,Tonia,Orlene,Tonia.Orlene@yopmail.com,Tonia.Orlene@gmail.com,firefighter
219,Liana,Hathaway,Liana.Hathaway@yopmail.com,Liana.Hathaway@gmail.com,police officer
220,Corina,Nester,Corina.Nester@yopmail.com,Corina.Nester@gmail.com,worker
221,Ileana,Kathie,Ileana.Kathie@yopmail.com,Ileana.Kathie@gmail.com,doctor
222,Inga,Argus,Inga.Argus@yopmail.com,Inga.Argus@gmail.com,doctor
223,Agathe,Carvey,Agathe.Carvey@yopmail.com,Agathe.Carvey@gmail.com,doctor
224,Janenna,Stanwood,Janenna.Stanwood@yopmail.com,Janenna.Stanwood@gmail.com,developer
225,Petronia,Uund,Petronia.Uund@yopmail.com,Petronia.Uund@gmail.com,firefighter
226,Ira,Raseda,Ira.Raseda@yopmail.com,Ira.Raseda@gmail.com,doctor
227,Vanessa,Bonilla,Vanessa.Bonilla@yopmail.com,Vanessa.Bonilla@gmail.com,doctor
228,Philis,Lorain,Philis.Lorain@yopmail.com,Philis.Lorain@gmail.com,developer
229,Eugine,Stacy,Eugine.Stacy@yopmail.com,Eugine.Stacy@gmail.com,police officer
230,Paule,Winnick,Paule.Winnick@yopmail.com,Paule.Winnick@gmail.com,firefighter
231,Therine,Marlie,Therine.Marlie@yopmail.com,Therine.Marlie@gmail.com,worker
232,Ann-Marie,Neva,Ann-Marie.Neva@yopmail.com,Ann-Marie.Neva@gmail.com,worker
233,Cacilie,Norvol,Cacilie.Norvol@yopmail.com,Cacilie.Norvol@gmail.com,police officer
234,Agathe,Malanie,Agathe.Malanie@yopmail.com,Agathe.Malanie@gmail.com,firefighter
235,Annice,Ajay,Annice.Ajay@yopmail.com,Annice.Ajay@gmail.com,worker
236,Lolita,Dom,Lolita.Dom@yopmail.com,Lolita.Dom@gmail.com,doctor
237,Imojean,Dreda,Imojean.Dreda@yopmail.com,Imojean.Dreda@gmail.com,doctor
238,Kary,Anestassia,Kary.Anestassia@yopmail.com,Kary.Anestassia@gmail.com,worker
239,Cordi,Arquit,Cordi.Arquit@yopmail.com,Cordi.Arquit@gmail.com,developer
240,Winny,Emanuel,Winny.Emanuel@yopmail.com,Winny.Emanuel@gmail.com,police officer
241,Zaria,Olin,Zaria.Olin@yopmail.com,Zaria.Olin@gmail.com,developer
242,Kittie,Tamar,Kittie.Tamar@yopmail.com,Kittie.Tamar@gmail.com,doctor
243,Damaris,Fry,Damaris.Fry@yopmail.com,Damaris.Fry@gmail.com,doctor
244,Caritta,Breed,Caritta.Breed@yopmail.com,Caritta.Breed@gmail.com,developer
245,Cristine,Helve,Cristine.Helve@yopmail.com,Cristine.Helve@gmail.com,police officer
246,Molli,Ammann,Molli.Ammann@yopmail.com,Molli.Ammann@gmail.com,worker
247,Inga,Iphlgenia,Inga.Iphlgenia@yopmail.com,Inga.Iphlgenia@gmail.com,firefighter
248,Sidoney,Borrell,Sidoney.Borrell@yopmail.com,Sidoney.Borrell@gmail.com,developer
249,Gerianna,Faust,Gerianna.Faust@yopmail.com,Gerianna.Faust@gmail.com,police officer
250,Sibella,Soneson,Sibella.Soneson@yopmail.com,Sibella.Soneson@gmail.com,firefighter
251,Tracey,Merriott,Tracey.Merriott@yopmail.com,Tracey.Merriott@gmail.com,firefighter
252,Fina,Guildroy,Fina.Guildroy@yopmail.com,Fina.Guildroy@gmail.com,firefighter
253,Damaris,Zeeba,Damaris.Zeeba@yopmail.com,Damaris.Zeeba@gmail.com,police officer
254,Eadie,Tatianas,Eadie.Tatianas@yopmail.com,Eadie.Tatianas@gmail.com,doctor
255,Lilith,Carleen,Lilith.Carleen@yopmail.com,Lilith.Carleen@gmail.com,firefighter
256,Gerianna,Wandie,Gerianna.Wandie@yopmail.com,Gerianna.Wandie@gmail.com,developer
257,Lexine,Voletta,Lexine.Voletta@yopmail.com,Lexine.Voletta@gmail.com,developer
258,Daphne,Bonucci,Daphne.Bonucci@yopmail.com,Daphne.Bonucci@gmail.com,worker
259,Justinn,Erlandson,Justinn.Erlandson@yopmail.com,Justinn.Erlandson@gmail.com,worker
260,Augustine,Gaulin,Augustine.Gaulin@yopmail.com,Augustine.Gaulin@gmail.com,doctor
261,Shel,Baudin,Shel.Baudin@yopmail.com,Shel.Baudin@gmail.com,firefighter
262,Karina,Caitlin,Karina.Caitlin@yopmail.com,Karina.Caitlin@gmail.com,doctor
263,Cristine,Lane,Cristine.Lane@yopmail.com,Cristine.Lane@gmail.com,worker
264,Camile,Aida,Camile.Aida@yopmail.com,Camile.Aida@gmail.com,police officer
265,Emilia,Dudley,Emilia.Dudley@yopmail.com,Emilia.Dudley@gmail.com,firefighter
266,Perry,Virgin,Perry.Virgin@yopmail.com,Perry.Virgin@gmail.com,police officer
267,Selia,Stav,Selia.Stav@yopmail.com,Selia.Stav@gmail.com,firefighter
268,Harrietta,Haerr,Harrietta.Haerr@yopmail.com,Harrietta.Haerr@gmail.com,firefighter
269,Lisette,Laurianne,Lisette.Laurianne@yopmail.com,Lisette.Laurianne@gmail.com,doctor
270,Fidelia,Erlandson,Fidelia.Erlandson@yopmail.com,Fidelia.Erlandson@gmail.com,developer
271,Brooks,Latini,Brooks.Latini@yopmail.com,Brooks.Latini@gmail.com,developer
272,Aimil,Joni,Aimil.Joni@yopmail.com,Aimil.Joni@gmail.com,worker
273,Dorothy,Catie,Dorothy.Catie@yopmail.com,Dorothy.Catie@gmail.com,developer
274,Kerrin,Winthorpe,Kerrin.Winthorpe@yopmail.com,Kerrin.Winthorpe@gmail.com,developer
275,Lonnie,Marcellus,Lonnie.Marcellus@yopmail.com,Lonnie.Marcellus@gmail.com,doctor
276,Devina,Socha,Devina.Socha@yopmail.com,Devina.Socha@gmail.com,developer
277,Antonietta,Freddi,Antonietta.Freddi@yopmail.com,Antonietta.Freddi@gmail.com,worker
278,Dode,Ader,Dode.Ader@yopmail.com,Dode.Ader@gmail.com,police officer
279,Kary,Barbey,Kary.Barbey@yopmail.com,Kary.Barbey@gmail.com,worker
280,Lilith,Lacombe,Lilith.Lacombe@yopmail.com,Lilith.Lacombe@gmail.com,doctor
281,Marti,Bonilla,Marti.Bonilla@yopmail.com,Marti.Bonilla@gmail.com,doctor
282,Philis,Monk,Philis.Monk@yopmail.com,Philis.Monk@gmail.com,firefighter
283,Netty,Bergman,Netty.Bergman@yopmail.com,Netty.Bergman@gmail.com,doctor
284,Ellette,Francene,Ellette.Francene@yopmail.com,Ellette.Francene@gmail.com,firefighter
285,Ronna,McAdams,Ronna.McAdams@yopmail.com,Ronna.McAdams@gmail.com,developer
286,Valeda,Billye,Valeda.Billye@yopmail.com,Valeda.Billye@gmail.com,developer
287,Joelly,Wu,Joelly.Wu@yopmail.com,Joelly.Wu@gmail.com,developer
288,Mathilda,Friede,Mathilda.Friede@yopmail.com,Mathilda.Friede@gmail.com,firefighter
289,Ayn,Darbie,Ayn.Darbie@yopmail.com,Ayn.Darbie@gmail.com,police officer
290,Rani,Marden,Rani.Marden@yopmail.com,Rani.Marden@gmail.com,police officer
291,Kelly,Rooney,Kelly.Rooney@yopmail.com,Kelly.Rooney@gmail.com,worker
292,Myriam,Ortrude,Myriam.Ortrude@yopmail.com,Myriam.Ortrude@gmail.com,doctor
293,Liana,Ellord,Liana.Ellord@yopmail.com,Liana.Ellord@gmail.com,developer
294,Sashenka,Jary,Sashenka.Jary@yopmail.com,Sashenka.Jary@gmail.com,developer
295,Heddie,Ammann,Heddie.Ammann@yopmail.com,Heddie.Ammann@gmail.com,doctor
296,Fanny,Georgy,Fanny.Georgy@yopmail.com,Fanny.Georgy@gmail.com,worker
297,Marylou,Posner,Marylou.Posner@yopmail.com,Marylou.Posner@gmail.com,police officer
298,Janey,Kannry,Janey.Kannry@yopmail.com,Janey.Kannry@gmail.com,police officer
299,Chastity,Docilla,Chastity.Docilla@yopmail.com,Chastity.Docilla@gmail.com,doctor
300,Lorie,Wandie,Lorie.Wandie@yopmail.com,Lorie.Wandie@gmail.com,worker
301,Lyssa,Ade,Lyssa.Ade@yopmail.com,Lyssa.Ade@gmail.com,developer
302,Dominga,Adamsen,Dominga.Adamsen@yopmail.com,Dominga.Adamsen@gmail.com,police officer
303,Dominga,Gregrory,Dominga.Gregrory@yopmail.com,Dominga.Gregrory@gmail.com,police officer
304,Lilith,Blase,Lilith.Blase@yopmail.com,Lilith.Blase@gmail.com,police officer
305,Elmira,Annice,Elmira.Annice@yopmail.com,Elmira.Annice@gmail.com,police officer
306,Maisey,Paton,Maisey.Paton@yopmail.com,Maisey.Paton@gmail.com,police officer
307,Cyb,Hylan,Cyb.Hylan@yopmail.com,Cyb.Hylan@gmail.com,worker
308,Antonietta,Dowski,Antonietta.Dowski@yopmail.com,Antonietta.Dowski@gmail.com,police officer
309,Camile,Mayeda,Camile.Mayeda@yopmail.com,Camile.Mayeda@gmail.com,doctor
310,Karina,Buckler,Karina.Buckler@yopmail.com,Karina.Buckler@gmail.com,doctor
311,Margette,Mehalek,Margette.Mehalek@yopmail.com,Margette.Mehalek@gmail.com,worker
312,Cyb,Carolin,Cyb.Carolin@yopmail.com,Cyb.Carolin@gmail.com,worker
313,Adele,Salchunas,Adele.Salchunas@yopmail.com,Adele.Salchunas@gmail.com,worker
314,Lauryn,Peg,Lauryn.Peg@yopmail.com,Lauryn.Peg@gmail.com,worker
315,Donnie,Lea,Donnie.Lea@yopmail.com,Donnie.Lea@gmail.com,worker
316,Catharine,Annabella,Catharine.Annabella@yopmail.com,Catharine.Annabella@gmail.com,doctor
317,Andree,Himelman,Andree.Himelman@yopmail.com,Andree.Himelman@gmail.com,police officer
318,Clarice,Delp,Clarice.Delp@yopmail.com,Clarice.Delp@gmail.com,worker
319,Lacie,Schonfeld,Lacie.Schonfeld@yopmail.com,Lacie.Schonfeld@gmail.com,police officer
320,Nataline,Ophelia,Nataline.Ophelia@yopmail.com,Nataline.Ophelia@gmail.com,doctor
321,Hettie,Charity,Hettie.Charity@yopmail.com,Hettie.Charity@gmail.com,worker
322,Atlanta,Delp,Atlanta.Delp@yopmail.com,Atlanta.Delp@gmail.com,police officer
323,Sindee,Oriana,Sindee.Oriana@yopmail.com,Sindee.Oriana@gmail.com,worker
324,Sheelagh,Therine,Sheelagh.Therine@yopmail.com,Sheelagh.Therine@gmail.com,developer
325,Leanna,Brandice,Leanna.Brandice@yopmail.com,Leanna.Brandice@gmail.com,doctor
326,Antonietta,Knowling,Antonietta.Knowling@yopmail.com,Antonietta.Knowling@gmail.com,developer
327,Cherrita,Raffo,Cherrita.Raffo@yopmail.com,Cherrita.Raffo@gmail.com,worker
328,Brietta,Klemperer,Brietta.Klemperer@yopmail.com,Brietta.Klemperer@gmail.com,firefighter
329,Dawn,Guildroy,Dawn.Guildroy@yopmail.com,Dawn.Guildroy@gmail.com,firefighter
330,Netty,Frendel,Netty.Frendel@yopmail.com,Netty.Frendel@gmail.com,doctor
331,Emmey,Daegal,Emmey.Daegal@yopmail.com,Emmey.Daegal@gmail.com,doctor
332,Carmela,Donoghue,Carmela.Donoghue@yopmail.com,Carmela.Donoghue@gmail.com,worker
333,Briney,Malina,Briney.Malina@yopmail.com,Briney.Malina@gmail.com,doctor
334,Fina,Leonard,Fina.Leonard@yopmail.com,Fina.Leonard@gmail.com,doctor
335,Hope,Rugen,Hope.Rugen@yopmail.com,Hope.Rugen@gmail.com,doctor
336,Ulrike,Anderea,Ulrike.Anderea@yopmail.com,Ulrike.Anderea@gmail.com,doctor
337,Sallie,Burnside,Sallie.Burnside@yopmail.com,Sallie.Burnside@gmail.com,doctor
338,Elie,Maples,Elie.Maples@yopmail.com,Elie.Maples@gmail.com,police officer
339,Yolane,Ietta,Yolane.Ietta@yopmail.com,Yolane.Ietta@gmail.com,developer
340,Neila,Cressida,Neila.Cressida@yopmail.com,Neila.Cressida@gmail.com,doctor
341,Christal,Graig,Christal.Graig@yopmail.com,Christal.Graig@gmail.com,firefighter
342,Konstance,Barrus,Konstance.Barrus@yopmail.com,Konstance.Barrus@gmail.com,doctor
343,Ardeen,Boycey,Ardeen.Boycey@yopmail.com,Ardeen.Boycey@gmail.com,firefighter
344,Grier,Gemini,Grier.Gemini@yopmail.com,Grier.Gemini@gmail.com,worker
345,Marsiella,Ricarda,Marsiella.Ricarda@yopmail.com,Marsiella.Ricarda@gmail.com,police officer
346,Kenna,Si,Kenna.Si@yopmail.com,Kenna.Si@gmail.com,developer
347,Brooks,Sabella,Brooks.Sabella@yopmail.com,Brooks.Sabella@gmail.com,worker
348,Mireielle,Bach,Mireielle.Bach@yopmail.com,Mireielle.Bach@gmail.com,developer
349,Willetta,Atonsah,Willetta.Atonsah@yopmail.com,Willetta.Atonsah@gmail.com,doctor
350,Camile,Dom,Camile.Dom@yopmail.com,Camile.Dom@gmail.com,police officer
351,Corly,Konyn,Corly.Konyn@yopmail.com,Corly.Konyn@gmail.com,doctor
352,Cathie,Wadell,Cathie.Wadell@yopmail.com,Cathie.Wadell@gmail.com,developer
353,Ruthe,Lipson,Ruthe.Lipson@yopmail.com,Ruthe.Lipson@gmail.com,firefighter
354,Georgetta,Agle,Georgetta.Agle@yopmail.com,Georgetta.Agle@gmail.com,developer
355,Susette,Georas,Susette.Georas@yopmail.com,Susette.Georas@gmail.com,firefighter
356,Ethel,Casimir,Ethel.Casimir@yopmail.com,Ethel.Casimir@gmail.com,worker
357,Marinna,Egbert,Marinna.Egbert@yopmail.com,Marinna.Egbert@gmail.com,police officer
358,Adelle,Leifeste,Adelle.Leifeste@yopmail.com,Adelle.Leifeste@gmail.com,firefighter
359,Nanete,Yoko,Nanete.Yoko@yopmail.com,Nanete.Yoko@gmail.com,worker
360,Abbie,Delacourt,Abbie.Delacourt@yopmail.com,Abbie.Delacourt@gmail.com,police officer
361,Bertine,Ahab,Bertine.Ahab@yopmail.com,Bertine.Ahab@gmail.com,police officer
362,Ofilia,Koehler,Ofilia.Koehler@yopmail.com,Ofilia.Koehler@gmail.com,developer
363,Jennica,Idelia,Jennica.Idelia@yopmail.com,Jennica.Idelia@gmail.com,developer
364,Sadie,Willie,Sadie.Willie@yopmail.com,Sadie.Willie@gmail.com,worker
365,Audrie,Odell,Audrie.Odell@yopmail.com,Audrie.Odell@gmail.com,worker
366,Emmey,Beebe,Emmey.Beebe@yopmail.com,Emmey.Beebe@gmail.com,firefighter
367,Wendi,Izaak,Wendi.Izaak@yopmail.com,Wendi.Izaak@gmail.com,worker
368,Nannie,Scammon,Nannie.Scammon@yopmail.com,Nannie.Scammon@gmail.com,police officer
369,Correy,Winnick,Correy.Winnick@yopmail.com,Correy.Winnick@gmail.com,firefighter
370,Delilah,Madaih,Delilah.Madaih@yopmail.com,Delilah.Madaih@gmail.com,worker
371,Cherrita,Gower,Cherrita.Gower@yopmail.com,Cherrita.Gower@gmail.com,worker
372,Cristabel,Ailyn,Cristabel.Ailyn@yopmail.com,Cristabel.Ailyn@gmail.com,police officer
373,Linet,Pettiford,Linet.Pettiford@yopmail.com,Linet.Pettiford@gmail.com,doctor
374,Lindie,Kellby,Lindie.Kellby@yopmail.com,Lindie.Kellby@gmail.com,police officer
375,Leona,Gherardo,Leona.Gherardo@yopmail.com,Leona.Gherardo@gmail.com,firefighter
376,Cyb,My,Cyb.My@yopmail.com,Cyb.My@gmail.com,developer
377,Micheline,Modie,Micheline.Modie@yopmail.com,Micheline.Modie@gmail.com,firefighter
378,Renae,Seagraves,Renae.Seagraves@yopmail.com,Renae.Seagraves@gmail.com,police officer
379,Maurene,Mott,Maurene.Mott@yopmail.com,Maurene.Mott@gmail.com,developer
380,Ericka,Urias,Ericka.Urias@yopmail.com,Ericka.Urias@gmail.com,doctor
381,Edee,Anselmi,Edee.Anselmi@yopmail.com,Edee.Anselmi@gmail.com,developer
382,Fawne,Latini,Fawne.Latini@yopmail.com,Fawne.Latini@gmail.com,developer
383,Meriel,Carlson,Meriel.Carlson@yopmail.com,Meriel.Carlson@gmail.com,developer
384,Blondelle,Cleo,Blondelle.Cleo@yopmail.com,Blondelle.Cleo@gmail.com,firefighter
385,Giustina,Si,Giustina.Si@yopmail.com,Giustina.Si@gmail.com,worker
386,Nita,Kamaria,Nita.Kamaria@yopmail.com,Nita.Kamaria@gmail.com,police officer
387,Madelle,Frodi,Madelle.Frodi@yopmail.com,Madelle.Frodi@gmail.com,worker
388,Glynnis,Torray,Glynnis.Torray@yopmail.com,Glynnis.Torray@gmail.com,developer
389,Reeba,Radu,Reeba.Radu@yopmail.com,Reeba.Radu@gmail.com,worker
390,Kimberley,Westphal,Kimberley.Westphal@yopmail.com,Kimberley.Westphal@gmail.com,worker
391,Ernesta,Glovsky,Ernesta.Glovsky@yopmail.com,Ernesta.Glovsky@gmail.com,firefighter
392,Aryn,Georgy,Aryn.Georgy@yopmail.com,Aryn.Georgy@gmail.com,developer
393,Giustina,Halla,Giustina.Halla@yopmail.com,Giustina.Halla@gmail.com,developer
394,Gwenneth,Abram,Gwenneth.Abram@yopmail.com,Gwenneth.Abram@gmail.com,doctor
395,Peri,Shanley,Peri.Shanley@yopmail.com,Peri.Shanley@gmail.com,firefighter
396,Kalina,Turne,Kalina.Turne@yopmail.com,Kalina.Turne@gmail.com,worker
397,Cathie,Dyche,Cathie.Dyche@yopmail.com,Cathie.Dyche@gmail.com,worker
398,Ketti,Elvyn,Ketti.Elvyn@yopmail.com,Ketti.Elvyn@gmail.com,firefighter
399,Vinita,Cimbura,Vinita.Cimbura@yopmail.com,Vinita.Cimbura@gmail.com,firefighter
400,Carlie,Hebner,Carlie.Hebner@yopmail.com,Carlie.Hebner@gmail.com,police officer
401,Veda,Thomasina,Veda.Thomasina@yopmail.com,Veda.Thomasina@gmail.com,doctor
402,Lesly,Masao,Lesly.Masao@yopmail.com,Lesly.Masao@gmail.com,worker
403,Marita,Harned,Marita.Harned@yopmail.com,Marita.Harned@gmail.com,doctor
404,Jacenta,Shanley,Jacenta.Shanley@yopmail.com,Jacenta.Shanley@gmail.com,worker
405,Brena,Ophelia,Brena.Ophelia@yopmail.com,Brena.Ophelia@gmail.com,worker
406,Millie,Nadia,Millie.Nadia@yopmail.com,Millie.Nadia@gmail.com,developer
407,Beth,Remmer,Beth.Remmer@yopmail.com,Beth.Remmer@gmail.com,doctor
408,Mureil,Lail,Mureil.Lail@yopmail.com,Mureil.Lail@gmail.com,doctor
409,Bill,Carolin,Bill.Carolin@yopmail.com,Bill.Carolin@gmail.com,worker
410,Violet,Saree,Violet.Saree@yopmail.com,Violet.Saree@gmail.com,police officer
411,Tabbatha,Narton,Tabbatha.Narton@yopmail.com,Tabbatha.Narton@gmail.com,worker
412,Margalo,Rona,Margalo.Rona@yopmail.com,Margalo.Rona@gmail.com,worker
413,Ellette,Marsden,Ellette.Marsden@yopmail.com,Ellette.Marsden@gmail.com,developer
414,Farrah,Kauppi,Farrah.Kauppi@yopmail.com,Farrah.Kauppi@gmail.com,police officer
415,Xylina,Capello,Xylina.Capello@yopmail.com,Xylina.Capello@gmail.com,worker
416,Barbi,Greyson,Barbi.Greyson@yopmail.com,Barbi.Greyson@gmail.com,worker
417,Kimmy,Dahlia,Kimmy.Dahlia@yopmail.com,Kimmy.Dahlia@gmail.com,firefighter
418,Elie,Cassius,Elie.Cassius@yopmail.com,Elie.Cassius@gmail.com,developer
419,Glynnis,Gilmour,Glynnis.Gilmour@yopmail.com,Glynnis.Gilmour@gmail.com,firefighter
420,Alisha,Leifeste,Alisha.Leifeste@yopmail.com,Alisha.Leifeste@gmail.com,police officer
421,Rochette,Aida,Rochette.Aida@yopmail.com,Rochette.Aida@gmail.com,doctor
422,Lila,Ackerley,Lila.Ackerley@yopmail.com,Lila.Ackerley@gmail.com,firefighter
423,Celestyna,Agle,Celestyna.Agle@yopmail.com,Celestyna.Agle@gmail.com,doctor
424,Merle,Creamer,Merle.Creamer@yopmail.com,Merle.Creamer@gmail.com,police officer
425,Caressa,Kristi,Caressa.Kristi@yopmail.com,Caressa.Kristi@gmail.com,firefighter
426,Stephanie,Thunell,Stephanie.Thunell@yopmail.com,Stephanie.Thunell@gmail.com,doctor
427,Amalie,Xerxes,Amalie.Xerxes@yopmail.com,Amalie.Xerxes@gmail.com,police officer
428,Joelly,Cherianne,Joelly.Cherianne@yopmail.com,Joelly.Cherianne@gmail.com,doctor
429,Alleen,Gordon,Alleen.Gordon@yopmail.com,Alleen.Gordon@gmail.com,firefighter
430,Ada,Letsou,Ada.Letsou@yopmail.com,Ada.Letsou@gmail.com,police officer
431,Gretal,Mintz,Gretal.Mintz@yopmail.com,Gretal.Mintz@gmail.com,worker
432,Jorry,Karylin,Jorry.Karylin@yopmail.com,Jorry.Karylin@gmail.com,doctor
433,Roslyn,Alcott,Roslyn.Alcott@yopmail.com,Roslyn.Alcott@gmail.com,worker
434,Averyl,Lucienne,Averyl.Lucienne@yopmail.com,Averyl.Lucienne@gmail.com,doctor
435,Yetty,Arquit,Yetty.Arquit@yopmail.com,Yetty.Arquit@gmail.com,worker
436,Devina,Kannry,Devina.Kannry@yopmail.com,Devina.Kannry@gmail.com,firefighter
437,Madeleine,Kenwood,Madeleine.Kenwood@yopmail.com,Madeleine.Kenwood@gmail.com,firefighter
438,Ofilia,Vary,Ofilia.Vary@yopmail.com,Ofilia.Vary@gmail.com,police officer
439,Elka,Chick,Elka.Chick@yopmail.com,Elka.Chick@gmail.com,worker
440,Rochette,Fink,Rochette.Fink@yopmail.com,Rochette.Fink@gmail.com,doctor
441,Cherilyn,Salvidor,Cherilyn.Salvidor@yopmail.com,Cherilyn.Salvidor@gmail.com,firefighter
442,Aaren,Maisey,Aaren.Maisey@yopmail.com,Aaren.Maisey@gmail.com,developer
443,Vonny,Joni,Vonny.Joni@yopmail.com,Vonny.Joni@gmail.com,developer
444,Sheree,Raseda,Sheree.Raseda@yopmail.com,Sheree.Raseda@gmail.com,police officer
445,Ardeen,Hermes,Ardeen.Hermes@yopmail.com,Ardeen.Hermes@gmail.com,police officer
446,Dawn,Merell,Dawn.Merell@yopmail.com,Dawn.Merell@gmail.com,police officer
447,Audrie,Stoller,Audrie.Stoller@yopmail.com,Audrie.Stoller@gmail.com,police officer
448,Louella,Love,Louella.Love@yopmail.com,Louella.Love@gmail.com,firefighter
449,Marnia,Cottle,Marnia.Cottle@yopmail.com,Marnia.Cottle@gmail.com,police officer
450,Cristabel,Jorgan,Cristabel.Jorgan@yopmail.com,Cristabel.Jorgan@gmail.com,developer
451,Dyann,Luhe,Dyann.Luhe@yopmail.com,Dyann.Luhe@gmail.com,firefighter
452,Zia,Heisel,Zia.Heisel@yopmail.com,Zia.Heisel@gmail.com,doctor
453,Netty,Vale,Netty.Vale@yopmail.com,Netty.Vale@gmail.com,firefighter
454,Kristan,McAdams,Kristan.McAdams@yopmail.com,Kristan.McAdams@gmail.com,doctor
455,Blake,Nicoline,Blake.Nicoline@yopmail.com,Blake.Nicoline@gmail.com,developer
456,Odessa,Grimbly,Odessa.Grimbly@yopmail.com,Odessa.Grimbly@gmail.com,doctor
457,Mady,Ventre,Mady.Ventre@yopmail.com,Mady.Ventre@gmail.com,firefighter
458,Madelle,Taam,Madelle.Taam@yopmail.com,Madelle.Taam@gmail.com,worker
459,Aeriela,Seligman,Aeriela.Seligman@yopmail.com,Aeriela.Seligman@gmail.com,doctor
460,Adore,Gerge,Adore.Gerge@yopmail.com,Adore.Gerge@gmail.com,firefighter
461,Candi,Romelda,Candi.Romelda@yopmail.com,Candi.Romelda@gmail.com,police officer
462,Karly,Heidt,Karly.Heidt@yopmail.com,Karly.Heidt@gmail.com,doctor
463,Alleen,Pettiford,Alleen.Pettiford@yopmail.com,Alleen.Pettiford@gmail.com,worker
464,Bertine,Brady,Bertine.Brady@yopmail.com,Bertine.Brady@gmail.com,worker
465,Olivette,Bouchard,Olivette.Bouchard@yopmail.com,Olivette.Bouchard@gmail.com,worker
466,Mary,Leffen,Mary.Leffen@yopmail.com,Mary.Leffen@gmail.com,developer
467,Shell,Alfons,Shell.Alfons@yopmail.com,Shell.Alfons@gmail.com,police officer
468,Leeanne,Lane,Leeanne.Lane@yopmail.com,Leeanne.Lane@gmail.com,doctor
469,Joy,Jorgan,Joy.Jorgan@yopmail.com,Joy.Jorgan@gmail.com,police officer
470,Arlina,Chesna,Arlina.Chesna@yopmail.com,Arlina.Chesna@gmail.com,doctor
471,Starla,Schonfeld,Starla.Schonfeld@yopmail.com,Starla.Schonfeld@gmail.com,doctor
472,Zia,Bobbee,Zia.Bobbee@yopmail.com,Zia.Bobbee@gmail.com,doctor
473,Cathie,Albertine,Cathie.Albertine@yopmail.com,Cathie.Albertine@gmail.com,developer
474,Ira,Rodmann,Ira.Rodmann@yopmail.com,Ira.Rodmann@gmail.com,firefighter
475,Carmela,Hylan,Carmela.Hylan@yopmail.com,Carmela.Hylan@gmail.com,doctor
476,Deirdre,Lilybelle,Deirdre.Lilybelle@yopmail.com,Deirdre.Lilybelle@gmail.com,firefighter
477,Maisey,Jacqui,Maisey.Jacqui@yopmail.com,Maisey.Jacqui@gmail.com,doctor
478,Vinita,Hathaway,Vinita.Hathaway@yopmail.com,Vinita.Hathaway@gmail.com,developer
479,Sue,Rossner,Sue.Rossner@yopmail.com,Sue.Rossner@gmail.com,firefighter
480,Linet,Fairweather,Linet.Fairweather@yopmail.com,Linet.Fairweather@gmail.com,doctor
481,Katuscha,McNully,Katuscha.McNully@yopmail.com,Katuscha.McNully@gmail.com,firefighter
482,Fred,Hedve,Fred.Hedve@yopmail.com,Fred.Hedve@gmail.com,firefighter
483,Yvonne,Hachmin,Yvonne.Hachmin@yopmail.com,Yvonne.Hachmin@gmail.com,firefighter
484,Kaja,Eugenia,Kaja.Eugenia@yopmail.com,Kaja.Eugenia@gmail.com,worker
485,Annabela,Laurianne,Annabela.Laurianne@yopmail.com,Annabela.Laurianne@gmail.com,police officer
486,Ariela,Charmine,Ariela.Charmine@yopmail.com,Ariela.Charmine@gmail.com,doctor
487,Norine,Nore,Norine.Nore@yopmail.com,Norine.Nore@gmail.com,firefighter
488,Doralynne,Pelagias,Doralynne.Pelagias@yopmail.com,Doralynne.Pelagias@gmail.com,developer
489,Gianina,Halsey,Gianina.Halsey@yopmail.com,Gianina.Halsey@gmail.com,worker
490,Kimmy,Cornelia,Kimmy.Cornelia@yopmail.com,Kimmy.Cornelia@gmail.com,worker
491,Kylynn,Rooney,Kylynn.Rooney@yopmail.com,Kylynn.Rooney@gmail.com,doctor
492,Caritta,Sinegold,Caritta.Sinegold@yopmail.com,Caritta.Sinegold@gmail.com,worker
493,Sean,Nedrud,Sean.Nedrud@yopmail.com,Sean.Nedrud@gmail.com,doctor
494,Collen,Rad,Collen.Rad@yopmail.com,Collen.Rad@gmail.com,police officer
495,Beth,Jacqui,Beth.Jacqui@yopmail.com,Beth.Jacqui@gmail.com,firefighter
496,Fidelia,Douglass,Fidelia.Douglass@yopmail.com,Fidelia.Douglass@gmail.com,doctor
497,Augustine,Dituri,Augustine.Dituri@yopmail.com,Augustine.Dituri@gmail.com,developer
498,Corene,Fulmer,Corene.Fulmer@yopmail.com,Corene.Fulmer@gmail.com,firefighter
499,Minda,Delp,Minda.Delp@yopmail.com,Minda.Delp@gmail.com,doctor
500,Adore,Kannry,Adore.Kannry@yopmail.com,Adore.Kannry@gmail.com,police officer
501,Marnia,Fadiman,Marnia.Fadiman@yopmail.com,Marnia.Fadiman@gmail.com,doctor
502,Talya,Lemuela,Talya.Lemuela@yopmail.com,Talya.Lemuela@gmail.com,developer
503,Allyce,Daveta,Allyce.Daveta@yopmail.com,Allyce.Daveta@gmail.com,police officer
504,Demetris,Jarib,Demetris.Jarib@yopmail.com,Demetris.Jarib@gmail.com,developer
505,Tressa,Yam,Tressa.Yam@yopmail.com,Tressa.Yam@gmail.com,developer
506,Paulita,Kronfeld,Paulita.Kronfeld@yopmail.com,Paulita.Kronfeld@gmail.com,firefighter
507,Cissiee,Wattenberg,Cissiee.Wattenberg@yopmail.com,Cissiee.Wattenberg@gmail.com,firefighter
508,Lanae,Borrell,Lanae.Borrell@yopmail.com,Lanae.Borrell@gmail.com,police officer
509,Dawn,Revkah,Dawn.Revkah@yopmail.com,Dawn.Revkah@gmail.com,worker
510,Harrietta,Mullane,Harrietta.Mullane@yopmail.com,Harrietta.Mullane@gmail.com,firefighter
511,Paola,Hermes,Paola.Hermes@yopmail.com,Paola.Hermes@gmail.com,doctor
512,Liana,Dex,Liana.Dex@yopmail.com,Liana.Dex@gmail.com,worker
513,Noelle,Goddard,Noelle.Goddard@yopmail.com,Noelle.Goddard@gmail.com,doctor
514,Ardenia,Oster,Ardenia.Oster@yopmail.com,Ardenia.Oster@gmail.com,doctor
515,Ketti,Mallon,Ketti.Mallon@yopmail.com,Ketti.Mallon@gmail.com,doctor
516,Frank,Craggie,Frank.Craggie@yopmail.com,Frank.Craggie@gmail.com,firefighter
517,Kirstin,Elisha,Kirstin.Elisha@yopmail.com,Kirstin.Elisha@gmail.com,firefighter
518,Goldie,Ciapas,Goldie.Ciapas@yopmail.com,Goldie.Ciapas@gmail.com,worker
519,Gilligan,Dudley,Gilligan.Dudley@yopmail.com,Gilligan.Dudley@gmail.com,firefighter
520,Joelly,Kenney,Joelly.Kenney@yopmail.com,Joelly.Kenney@gmail.com,developer
521,Ebonee,Pacorro,Ebonee.Pacorro@yopmail.com,Ebonee.Pacorro@gmail.com,doctor
522,Amalie,Peti,Amalie.Peti@yopmail.com,Amalie.Peti@gmail.com,worker
523,Caressa,Alexandr,Caressa.Alexandr@yopmail.com,Caressa.Alexandr@gmail.com,developer
524,Brietta,Esmaria,Brietta.Esmaria@yopmail.com,Brietta.Esmaria@gmail.com,doctor
525,Jere,Terencio,Jere.Terencio@yopmail.com,Jere.Terencio@gmail.com,doctor
526,Catrina,Saunderson,Catrina.Saunderson@yopmail.com,Catrina.Saunderson@gmail.com,worker
527,Jsandye,Christal,Jsandye.Christal@yopmail.com,Jsandye.Christal@gmail.com,firefighter
528,Dulcinea,Ortrude,Dulcinea.Ortrude@yopmail.com,Dulcinea.Ortrude@gmail.com,police officer
529,Vere,Newell,Vere.Newell@yopmail.com,Vere.Newell@gmail.com,developer
530,Hollie,Whiffen,Hollie.Whiffen@yopmail.com,Hollie.Whiffen@gmail.com,developer
531,Sissy,Dimitris,Sissy.Dimitris@yopmail.com,Sissy.Dimitris@gmail.com,doctor
532,Jillayne,Willie,Jillayne.Willie@yopmail.com,Jillayne.Willie@gmail.com,firefighter
533,Myrtice,Brotherson,Myrtice.Brotherson@yopmail.com,Myrtice.Brotherson@gmail.com,firefighter
534,Alisha,Vale,Alisha.Vale@yopmail.com,Alisha.Vale@gmail.com,worker
535,Dotty,Zaslow,Dotty.Zaslow@yopmail.com,Dotty.Zaslow@gmail.com,worker
536,Johna,Allare,Johna.Allare@yopmail.com,Johna.Allare@gmail.com,doctor
537,Marylou,Dorine,Marylou.Dorine@yopmail.com,Marylou.Dorine@gmail.com,developer
538,Bobinette,Pyle,Bobinette.Pyle@yopmail.com,Bobinette.Pyle@gmail.com,worker
539,Kylynn,Merell,Kylynn.Merell@yopmail.com,Kylynn.Merell@gmail.com,doctor
540,Eve,Rugen,Eve.Rugen@yopmail.com,Eve.Rugen@gmail.com,firefighter
541,Dorene,Freddi,Dorene.Freddi@yopmail.com,Dorene.Freddi@gmail.com,doctor
542,Vonny,Birdella,Vonny.Birdella@yopmail.com,Vonny.Birdella@gmail.com,developer
543,Melina,Kauppi,Melina.Kauppi@yopmail.com,Melina.Kauppi@gmail.com,developer
544,Estell,Afton,Estell.Afton@yopmail.com,Estell.Afton@gmail.com,worker
545,Susan,Kermit,Susan.Kermit@yopmail.com,Susan.Kermit@gmail.com,developer
546,Marita,Wadell,Marita.Wadell@yopmail.com,Marita.Wadell@gmail.com,firefighter
547,Lauryn,Blisse,Lauryn.Blisse@yopmail.com,Lauryn.Blisse@gmail.com,police officer
548,Nerta,Natica,Nerta.Natica@yopmail.com,Nerta.Natica@gmail.com,police officer
549,Tobe,Ries,Tobe.Ries@yopmail.com,Tobe.Ries@gmail.com,developer
550,Winny,Ambrosia,Winny.Ambrosia@yopmail.com,Winny.Ambrosia@gmail.com,police officer
551,Melanie,Tatianas,Melanie.Tatianas@yopmail.com,Melanie.Tatianas@gmail.com,developer
552,Jemie,Laverne,Jemie.Laverne@yopmail.com,Jemie.Laverne@gmail.com,police officer
553,Tarra,Cherianne,Tarra.Cherianne@yopmail.com,Tarra.Cherianne@gmail.com,worker
554,Charlena,Edison,Charlena.Edison@yopmail.com,Charlena.Edison@gmail.com,firefighter
555,Katharina,Rugen,Katharina.Rugen@yopmail.com,Katharina.Rugen@gmail.com,police officer
556,Karlee,Sherfield,Karlee.Sherfield@yopmail.com,Karlee.Sherfield@gmail.com,worker
557,Dari,Stefa,Dari.Stefa@yopmail.com,Dari.Stefa@gmail.com,police officer
558,Bernie,Valerio,Bernie.Valerio@yopmail.com,Bernie.Valerio@gmail.com,firefighter
559,Deane,Sacken,Deane.Sacken@yopmail.com,Deane.Sacken@gmail.com,doctor
560,Gerrie,Tiffa,Gerrie.Tiffa@yopmail.com,Gerrie.Tiffa@gmail.com,developer
561,Lolita,Frendel,Lolita.Frendel@yopmail.com,Lolita.Frendel@gmail.com,worker
562,Yvonne,Belldas,Yvonne.Belldas@yopmail.com,Yvonne.Belldas@gmail.com,developer
563,Allyce,Barrus,Allyce.Barrus@yopmail.com,Allyce.Barrus@gmail.com,worker
564,Renae,Gladstone,Renae.Gladstone@yopmail.com,Renae.Gladstone@gmail.com,worker
565,Concettina,Noman,Concettina.Noman@yopmail.com,Concettina.Noman@gmail.com,developer
566,Melanie,Gaspard,Melanie.Gaspard@yopmail.com,Melanie.Gaspard@gmail.com,developer
567,Cassondra,Lenny,Cassondra.Lenny@yopmail.com,Cassondra.Lenny@gmail.com,worker
568,Roberta,Nikaniki,Roberta.Nikaniki@yopmail.com,Roberta.Nikaniki@gmail.com,doctor
569,Keelia,Kauppi,Keelia.Kauppi@yopmail.com,Keelia.Kauppi@gmail.com,doctor
570,Stevana,Cornelia,Stevana.Cornelia@yopmail.com,Stevana.Cornelia@gmail.com,firefighter
571,Agnese,Simmonds,Agnese.Simmonds@yopmail.com,Agnese.Simmonds@gmail.com,worker
572,Gianina,Michella,Gianina.Michella@yopmail.com,Gianina.Michella@gmail.com,police officer
573,Viki,Bates,Viki.Bates@yopmail.com,Viki.Bates@gmail.com,developer
574,Lexine,Havens,Lexine.Havens@yopmail.com,Lexine.Havens@gmail.com,doctor
575,Antonietta,Yorick,Antonietta.Yorick@yopmail.com,Antonietta.Yorick@gmail.com,firefighter
576,Vonny,Brotherson,Vonny.Brotherson@yopmail.com,Vonny.Brotherson@gmail.com,firefighter
577,Minda,Kiyoshi,Minda.Kiyoshi@yopmail.com,Minda.Kiyoshi@gmail.com,worker
578,Tabbatha,Cassius,Tabbatha.Cassius@yopmail.com,Tabbatha.Cassius@gmail.com,developer
579,Lauryn,Sperling,Lauryn.Sperling@yopmail.com,Lauryn.Sperling@gmail.com,doctor
580,Teddie,Beebe,Teddie.Beebe@yopmail.com,Teddie.Beebe@gmail.com,developer
581,Karly,Jacqui,Karly.Jacqui@yopmail.com,Karly.Jacqui@gmail.com,developer
582,Fanchon,Toffic,Fanchon.Toffic@yopmail.com,Fanchon.Toffic@gmail.com,police officer
583,Elmira,Brodench,Elmira.Brodench@yopmail.com,Elmira.Brodench@gmail.com,firefighter
584,Gilda,Cloris,Gilda.Cloris@yopmail.com,Gilda.Cloris@gmail.com,developer
585,Fayre,Fry,Fayre.Fry@yopmail.com,Fayre.Fry@gmail.com,doctor
586,Vevay,Penelopa,Vevay.Penelopa@yopmail.com,Vevay.Penelopa@gmail.com,doctor
587,Florencia,Moseley,Florencia.Moseley@yopmail.com,Florencia.Moseley@gmail.com,developer
588,Melanie,Muriel,Melanie.Muriel@yopmail.com,Melanie.Muriel@gmail.com,firefighter
589,Allyce,Gwenore,Allyce.Gwenore@yopmail.com,Allyce.Gwenore@gmail.com,police officer
590,Gavrielle,Lowry,Gavrielle.Lowry@yopmail.com,Gavrielle.Lowry@gmail.com,developer
591,Paule,Bach,Paule.Bach@yopmail.com,Paule.Bach@gmail.com,worker
592,Cacilie,Linehan,Cacilie.Linehan@yopmail.com,Cacilie.Linehan@gmail.com,doctor
593,Kirstin,Sikorski,Kirstin.Sikorski@yopmail.com,Kirstin.Sikorski@gmail.com,police officer
594,Lynea,Nickola,Lynea.Nickola@yopmail.com,Lynea.Nickola@gmail.com,police officer
595,Robinia,Wildermuth,Robinia.Wildermuth@yopmail.com,Robinia.Wildermuth@gmail.com,police officer
596,Janey,Noelyn,Janey.Noelyn@yopmail.com,Janey.Noelyn@gmail.com,developer
597,Belinda,Viddah,Belinda.Viddah@yopmail.com,Belinda.Viddah@gmail.com,firefighter
598,Rebeca,Wildermuth,Rebeca.Wildermuth@yopmail.com,Rebeca.Wildermuth@gmail.com,worker
599,Sissy,Middleton,Sissy.Middleton@yopmail.com,Sissy.Middleton@gmail.com,developer
600,Shell,Tamar,Shell.Tamar@yopmail.com,Shell.Tamar@gmail.com,firefighter
601,Mara,Teddman,Mara.Teddman@yopmail.com,Mara.Teddman@gmail.com,doctor
602,Dawn,Anastatius,Dawn.Anastatius@yopmail.com,Dawn.Anastatius@gmail.com,doctor
603,Hayley,Germann,Hayley.Germann@yopmail.com,Hayley.Germann@gmail.com,police officer
604,Kaia,Liebermann,Kaia.Liebermann@yopmail.com,Kaia.Liebermann@gmail.com,firefighter
605,Meghann,Narton,Meghann.Narton@yopmail.com,Meghann.Narton@gmail.com,police officer
606,Larine,Frendel,Larine.Frendel@yopmail.com,Larine.Frendel@gmail.com,police officer
607,Odessa,Seessel,Odessa.Seessel@yopmail.com,Odessa.Seessel@gmail.com,worker
608,Karlee,Damarra,Karlee.Damarra@yopmail.com,Karlee.Damarra@gmail.com,developer
609,Consuela,Melony,Consuela.Melony@yopmail.com,Consuela.Melony@gmail.com,doctor
610,Aigneis,Carmena,Aigneis.Carmena@yopmail.com,Aigneis.Carmena@gmail.com,developer
611,Alie,Rosalba,Alie.Rosalba@yopmail.com,Alie.Rosalba@gmail.com,developer
612,Livvyy,Peg,Livvyy.Peg@yopmail.com,Livvyy.Peg@gmail.com,firefighter
613,Ebonee,Ludewig,Ebonee.Ludewig@yopmail.com,Ebonee.Ludewig@gmail.com,doctor
614,Mara,Strephon,Mara.Strephon@yopmail.com,Mara.Strephon@gmail.com,firefighter
615,Nataline,Salchunas,Nataline.Salchunas@yopmail.com,Nataline.Salchunas@gmail.com,firefighter
616,Fredericka,Sperling,Fredericka.Sperling@yopmail.com,Fredericka.Sperling@gmail.com,doctor
617,Krystle,Peonir,Krystle.Peonir@yopmail.com,Krystle.Peonir@gmail.com,police officer
618,Roseline,Saunderson,Roseline.Saunderson@yopmail.com,Roseline.Saunderson@gmail.com,developer
619,Sharai,Pascia,Sharai.Pascia@yopmail.com,Sharai.Pascia@gmail.com,doctor
620,Ida,Garek,Ida.Garek@yopmail.com,Ida.Garek@gmail.com,worker
621,Juliane,Maiah,Juliane.Maiah@yopmail.com,Juliane.Maiah@gmail.com,firefighter
622,Asia,Sundin,Asia.Sundin@yopmail.com,Asia.Sundin@gmail.com,police officer
623,Antonietta,Ackerley,Antonietta.Ackerley@yopmail.com,Antonietta.Ackerley@gmail.com,firefighter
624,Zondra,Stoller,Zondra.Stoller@yopmail.com,Zondra.Stoller@gmail.com,worker
625,Joane,Dulciana,Joane.Dulciana@yopmail.com,Joane.Dulciana@gmail.com,worker
626,Lynnea,Fulmer,Lynnea.Fulmer@yopmail.com,Lynnea.Fulmer@gmail.com,developer
627,Minne,Durante,Minne.Durante@yopmail.com,Minne.Durante@gmail.com,firefighter
628,Sheree,Jehu,Sheree.Jehu@yopmail.com,Sheree.Jehu@gmail.com,developer
629,Ida,Naor,Ida.Naor@yopmail.com,Ida.Naor@gmail.com,worker
630,Hettie,Pauly,Hettie.Pauly@yopmail.com,Hettie.Pauly@gmail.com,firefighter
631,Ira,Rodmann,Ira.Rodmann@yopmail.com,Ira.Rodmann@gmail.com,worker
632,Bill,Jaylene,Bill.Jaylene@yopmail.com,Bill.Jaylene@gmail.com,police officer
633,Jany,Modie,Jany.Modie@yopmail.com,Jany.Modie@gmail.com,worker
634,Kara-Lynn,Vharat,Kara-Lynn.Vharat@yopmail.com,Kara-Lynn.Vharat@gmail.com,worker
635,Malina,Shelba,Malina.Shelba@yopmail.com,Malina.Shelba@gmail.com,worker
636,Valera,Concha,Valera.Concha@yopmail.com,Valera.Concha@gmail.com,worker
637,Hildegaard,Seessel,Hildegaard.Seessel@yopmail.com,Hildegaard.Seessel@gmail.com,developer
638,Gaylene,Ruvolo,Gaylene.Ruvolo@yopmail.com,Gaylene.Ruvolo@gmail.com,doctor
639,Sibella,Seagraves,Sibella.Seagraves@yopmail.com,Sibella.Seagraves@gmail.com,police officer
640,Adriana,Harday,Adriana.Harday@yopmail.com,Adriana.Harday@gmail.com,developer
641,Maisey,Syd,Maisey.Syd@yopmail.com,Maisey.Syd@gmail.com,doctor
642,Devina,Marijo,Devina.Marijo@yopmail.com,Devina.Marijo@gmail.com,firefighter
643,Ninnetta,Brady,Ninnetta.Brady@yopmail.com,Ninnetta.Brady@gmail.com,doctor
644,Kellen,Bakerman,Kellen.Bakerman@yopmail.com,Kellen.Bakerman@gmail.com,doctor
645,Imojean,Liebermann,Imojean.Liebermann@yopmail.com,Imojean.Liebermann@gmail.com,worker
646,Max,Regan,Max.Regan@yopmail.com,Max.Regan@gmail.com,police officer
647,Lynde,Serilda,Lynde.Serilda@yopmail.com,Lynde.Serilda@gmail.com,developer
648,Aurelie,Dannye,Aurelie.Dannye@yopmail.com,Aurelie.Dannye@gmail.com,doctor
649,Ernesta,Gaynor,Ernesta.Gaynor@yopmail.com,Ernesta.Gaynor@gmail.com,developer
650,Hallie,Haldas,Hallie.Haldas@yopmail.com,Hallie.Haldas@gmail.com,developer
651,Michaelina,Ovid,Michaelina.Ovid@yopmail.com,Michaelina.Ovid@gmail.com,firefighter
652,Aryn,Berard,Aryn.Berard@yopmail.com,Aryn.Berard@gmail.com,developer
653,Mildrid,Munn,Mildrid.Munn@yopmail.com,Mildrid.Munn@gmail.com,firefighter
654,Trixi,Gavrila,Trixi.Gavrila@yopmail.com,Trixi.Gavrila@gmail.com,doctor
655,Yolane,Slifka,Yolane.Slifka@yopmail.com,Yolane.Slifka@gmail.com,police officer
656,Oona,Yusuk,Oona.Yusuk@yopmail.com,Oona.Yusuk@gmail.com,police officer
657,Demetris,Tybald,Demetris.Tybald@yopmail.com,Demetris.Tybald@gmail.com,doctor
658,Brandise,Donoghue,Brandise.Donoghue@yopmail.com,Brandise.Donoghue@gmail.com,developer
659,Mary,Carmena,Mary.Carmena@yopmail.com,Mary.Carmena@gmail.com,police officer
660,Lenna,Kalinda,Lenna.Kalinda@yopmail.com,Lenna.Kalinda@gmail.com,police officer
661,Dawn,Pettiford,Dawn.Pettiford@yopmail.com,Dawn.Pettiford@gmail.com,developer
662,Johna,Tryck,Johna.Tryck@yopmail.com,Johna.Tryck@gmail.com,firefighter
663,Devina,Egbert,Devina.Egbert@yopmail.com,Devina.Egbert@gmail.com,doctor
664,Marylou,Juliet,Marylou.Juliet@yopmail.com,Marylou.Juliet@gmail.com,developer
665,Elvira,Holtz,Elvira.Holtz@yopmail.com,Elvira.Holtz@gmail.com,developer
666,Maryellen,Fancie,Maryellen.Fancie@yopmail.com,Maryellen.Fancie@gmail.com,worker
667,Augustine,Pacorro,Augustine.Pacorro@yopmail.com,Augustine.Pacorro@gmail.com,developer
668,Fernande,Ahab,Fernande.Ahab@yopmail.com,Fernande.Ahab@gmail.com,police officer
669,Ulrike,Sasnett,Ulrike.Sasnett@yopmail.com,Ulrike.Sasnett@gmail.com,doctor
670,Ira,Kiyoshi,Ira.Kiyoshi@yopmail.com,Ira.Kiyoshi@gmail.com,worker
671,Nonnah,Kristi,Nonnah.Kristi@yopmail.com,Nonnah.Kristi@gmail.com,worker
672,Margalo,Leonard,Margalo.Leonard@yopmail.com,Margalo.Leonard@gmail.com,firefighter
673,Arlena,Goerke,Arlena.Goerke@yopmail.com,Arlena.Goerke@gmail.com,developer
674,Winny,Gibbeon,Winny.Gibbeon@yopmail.com,Winny.Gibbeon@gmail.com,police officer
675,Dale,Kiersten,Dale.Kiersten@yopmail.com,Dale.Kiersten@gmail.com,doctor
676,Leona,Imelida,Leona.Imelida@yopmail.com,Leona.Imelida@gmail.com,firefighter
677,Alex,Chick,Alex.Chick@yopmail.com,Alex.Chick@gmail.com,doctor
678,Chandra,Bouchard,Chandra.Bouchard@yopmail.com,Chandra.Bouchard@gmail.com,police officer
679,Danny,Wooster,Danny.Wooster@yopmail.com,Danny.Wooster@gmail.com,worker
680,Deane,Knowling,Deane.Knowling@yopmail.com,Deane.Knowling@gmail.com,doctor
681,Dede,Hillel,Dede.Hillel@yopmail.com,Dede.Hillel@gmail.com,developer
682,Karlee,Erminia,Karlee.Erminia@yopmail.com,Karlee.Erminia@gmail.com,firefighter
683,Valli,Raul,Valli.Raul@yopmail.com,Valli.Raul@gmail.com,firefighter
684,Louella,Flita,Louella.Flita@yopmail.com,Louella.Flita@gmail.com,firefighter
685,Jillayne,Anselmi,Jillayne.Anselmi@yopmail.com,Jillayne.Anselmi@gmail.com,firefighter
686,Sibella,Rurik,Sibella.Rurik@yopmail.com,Sibella.Rurik@gmail.com,doctor
687,Frank,Hortensia,Frank.Hortensia@yopmail.com,Frank.Hortensia@gmail.com,worker
688,Amii,Desai,Amii.Desai@yopmail.com,Amii.Desai@gmail.com,developer
689,Wileen,Geffner,Wileen.Geffner@yopmail.com,Wileen.Geffner@gmail.com,police officer
690,Shauna,Zenas,Shauna.Zenas@yopmail.com,Shauna.Zenas@gmail.com,doctor
691,Sophia,Brian,Sophia.Brian@yopmail.com,Sophia.Brian@gmail.com,police officer
692,Pollyanna,Dearborn,Pollyanna.Dearborn@yopmail.com,Pollyanna.Dearborn@gmail.com,developer
693,Minne,Azeria,Minne.Azeria@yopmail.com,Minne.Azeria@gmail.com,police officer
694,Trixi,Amethist,Trixi.Amethist@yopmail.com,Trixi.Amethist@gmail.com,developer
695,Bobbi,Shirberg,Bobbi.Shirberg@yopmail.com,Bobbi.Shirberg@gmail.com,doctor
696,Flo,Iphlgenia,Flo.Iphlgenia@yopmail.com,Flo.Iphlgenia@gmail.com,firefighter
697,Fina,Rooney,Fina.Rooney@yopmail.com,Fina.Rooney@gmail.com,worker
698,Allis,Stelle,Allis.Stelle@yopmail.com,Allis.Stelle@gmail.com,police officer
699,Mady,Karylin,Mady.Karylin@yopmail.com,Mady.Karylin@gmail.com,developer
700,Wynne,Afton,Wynne.Afton@yopmail.com,Wynne.Afton@gmail.com,developer
701,Meghann,Malanie,Meghann.Malanie@yopmail.com,Meghann.Malanie@gmail.com,firefighter
702,Millie,Verger,Millie.Verger@yopmail.com,Millie.Verger@gmail.com,doctor
703,Ebonee,Hanleigh,Ebonee.Hanleigh@yopmail.com,Ebonee.Hanleigh@gmail.com,developer
704,Kylynn,Loleta,Kylynn.Loleta@yopmail.com,Kylynn.Loleta@gmail.com,doctor
705,Almeta,Kravits,Almeta.Kravits@yopmail.com,Almeta.Kravits@gmail.com,developer
706,Chickie,Auberbach,Chickie.Auberbach@yopmail.com,Chickie.Auberbach@gmail.com,firefighter
707,Kara-Lynn,Honoria,Kara-Lynn.Honoria@yopmail.com,Kara-Lynn.Honoria@gmail.com,police officer
708,Gusty,Kussell,Gusty.Kussell@yopmail.com,Gusty.Kussell@gmail.com,worker
709,Kristina,Terencio,Kristina.Terencio@yopmail.com,Kristina.Terencio@gmail.com,developer
710,Lynde,Clarissa,Lynde.Clarissa@yopmail.com,Lynde.Clarissa@gmail.com,worker
711,Sybille,Cavan,Sybille.Cavan@yopmail.com,Sybille.Cavan@gmail.com,firefighter
712,Agathe,Carbo,Agathe.Carbo@yopmail.com,Agathe.Carbo@gmail.com,developer
713,Betta,Dosia,Betta.Dosia@yopmail.com,Betta.Dosia@gmail.com,doctor
714,Gilligan,Breed,Gilligan.Breed@yopmail.com,Gilligan.Breed@gmail.com,doctor
715,Alisha,Casimir,Alisha.Casimir@yopmail.com,Alisha.Casimir@gmail.com,doctor
716,Pierette,Georgy,Pierette.Georgy@yopmail.com,Pierette.Georgy@gmail.com,worker
717,Elvira,Casimir,Elvira.Casimir@yopmail.com,Elvira.Casimir@gmail.com,police officer
718,Madelle,Winthorpe,Madelle.Winthorpe@yopmail.com,Madelle.Winthorpe@gmail.com,worker
719,Sadie,Chick,Sadie.Chick@yopmail.com,Sadie.Chick@gmail.com,developer
720,Valli,Kinnard,Valli.Kinnard@yopmail.com,Valli.Kinnard@gmail.com,developer
721,Corina,McNully,Corina.McNully@yopmail.com,Corina.McNully@gmail.com,worker
722,Heida,Nahum,Heida.Nahum@yopmail.com,Heida.Nahum@gmail.com,developer
723,Frank,Brandice,Frank.Brandice@yopmail.com,Frank.Brandice@gmail.com,firefighter
724,Janeczka,Lesley,Janeczka.Lesley@yopmail.com,Janeczka.Lesley@gmail.com,police officer
725,Elora,Linskey,Elora.Linskey@yopmail.com,Elora.Linskey@gmail.com,police officer
726,Stacey,Turne,Stacey.Turne@yopmail.com,Stacey.Turne@gmail.com,developer
727,Jennica,Granoff,Jennica.Granoff@yopmail.com,Jennica.Granoff@gmail.com,police officer
728,Kalina,Gaal,Kalina.Gaal@yopmail.com,Kalina.Gaal@gmail.com,firefighter
729,Max,Simmonds,Max.Simmonds@yopmail.com,Max.Simmonds@gmail.com,firefighter
730,Laurene,Buttaro,Laurene.Buttaro@yopmail.com,Laurene.Buttaro@gmail.com,developer
731,Mariann,Dulciana,Mariann.Dulciana@yopmail.com,Mariann.Dulciana@gmail.com,worker
732,Thalia,Milde,Thalia.Milde@yopmail.com,Thalia.Milde@gmail.com,doctor
733,Sarette,Oster,Sarette.Oster@yopmail.com,Sarette.Oster@gmail.com,doctor
734,Shaylyn,Pettiford,Shaylyn.Pettiford@yopmail.com,Shaylyn.Pettiford@gmail.com,developer
735,Molli,Arley,Molli.Arley@yopmail.com,Molli.Arley@gmail.com,developer
736,Glenda,Seagraves,Glenda.Seagraves@yopmail.com,Glenda.Seagraves@gmail.com,firefighter
737,Emmey,Mata,Emmey.Mata@yopmail.com,Emmey.Mata@gmail.com,firefighter
738,Frank,Bergman,Frank.Bergman@yopmail.com,Frank.Bergman@gmail.com,firefighter
739,Gratia,Dulciana,Gratia.Dulciana@yopmail.com,Gratia.Dulciana@gmail.com,worker
740,Cyndie,Malvino,Cyndie.Malvino@yopmail.com,Cyndie.Malvino@gmail.com,worker
741,Shannah,Carleen,Shannah.Carleen@yopmail.com,Shannah.Carleen@gmail.com,doctor
742,Rebeca,Yorick,Rebeca.Yorick@yopmail.com,Rebeca.Yorick@gmail.com,doctor
743,Raina,Elisha,Raina.Elisha@yopmail.com,Raina.Elisha@gmail.com,developer
744,Maye,Bethany,Maye.Bethany@yopmail.com,Maye.Bethany@gmail.com,doctor
745,Fina,Pascia,Fina.Pascia@yopmail.com,Fina.Pascia@gmail.com,firefighter
746,Margalo,Waite,Margalo.Waite@yopmail.com,Margalo.Waite@gmail.com,developer
747,Reeba,Wu,Reeba.Wu@yopmail.com,Reeba.Wu@gmail.com,worker
748,Thalia,Japeth,Thalia.Japeth@yopmail.com,Thalia.Japeth@gmail.com,firefighter
749,Rubie,Demitria,Rubie.Demitria@yopmail.com,Rubie.Demitria@gmail.com,developer
750,Shaine,Seagraves,Shaine.Seagraves@yopmail.com,Shaine.Seagraves@gmail.com,developer
751,Pearline,Bandeen,Pearline.Bandeen@yopmail.com,Pearline.Bandeen@gmail.com,doctor
752,Demetris,Gilbertson,Demetris.Gilbertson@yopmail.com,Demetris.Gilbertson@gmail.com,firefighter
753,Wanda,Greenwald,Wanda.Greenwald@yopmail.com,Wanda.Greenwald@gmail.com,firefighter
754,Celestyna,Wittie,Celestyna.Wittie@yopmail.com,Celestyna.Wittie@gmail.com,worker
755,Eolanda,Bandeen,Eolanda.Bandeen@yopmail.com,Eolanda.Bandeen@gmail.com,worker
756,Cherrita,Bettine,Cherrita.Bettine@yopmail.com,Cherrita.Bettine@gmail.com,worker
757,Gretal,Milson,Gretal.Milson@yopmail.com,Gretal.Milson@gmail.com,developer
758,Meg,Mendez,Meg.Mendez@yopmail.com,Meg.Mendez@gmail.com,firefighter
759,Tressa,Leffen,Tressa.Leffen@yopmail.com,Tressa.Leffen@gmail.com,developer
760,Coral,Miru,Coral.Miru@yopmail.com,Coral.Miru@gmail.com,developer
761,Marita,Zina,Marita.Zina@yopmail.com,Marita.Zina@gmail.com,doctor
762,Mathilda,Argus,Mathilda.Argus@yopmail.com,Mathilda.Argus@gmail.com,worker
763,Gerrie,Merriott,Gerrie.Merriott@yopmail.com,Gerrie.Merriott@gmail.com,developer
764,Tobe,Hunfredo,Tobe.Hunfredo@yopmail.com,Tobe.Hunfredo@gmail.com,worker
765,Tonia,Campball,Tonia.Campball@yopmail.com,Tonia.Campball@gmail.com,police officer
766,Elka,Koehler,Elka.Koehler@yopmail.com,Elka.Koehler@gmail.com,worker
767,Lulita,Hoban,Lulita.Hoban@yopmail.com,Lulita.Hoban@gmail.com,doctor
768,Deedee,Emanuel,Deedee.Emanuel@yopmail.com,Deedee.Emanuel@gmail.com,police officer
769,Alex,Nance,Alex.Nance@yopmail.com,Alex.Nance@gmail.com,firefighter
770,Kimmy,Hylan,Kimmy.Hylan@yopmail.com,Kimmy.Hylan@gmail.com,worker
771,Adele,Heidt,Adele.Heidt@yopmail.com,Adele.Heidt@gmail.com,worker
772,Jolyn,Tound,Jolyn.Tound@yopmail.com,Jolyn.Tound@gmail.com,worker
773,Sean,Helfand,Sean.Helfand@yopmail.com,Sean.Helfand@gmail.com,worker
774,Judy,Giff,Judy.Giff@yopmail.com,Judy.Giff@gmail.com,developer
775,Paola,Kimmie,Paola.Kimmie@yopmail.com,Paola.Kimmie@gmail.com,police officer
776,Katharina,Sasnett,Katharina.Sasnett@yopmail.com,Katharina.Sasnett@gmail.com,doctor
777,Lusa,Gualtiero,Lusa.Gualtiero@yopmail.com,Lusa.Gualtiero@gmail.com,developer
778,Jaime,Sperling,Jaime.Sperling@yopmail.com,Jaime.Sperling@gmail.com,firefighter
779,Esmeralda,Edison,Esmeralda.Edison@yopmail.com,Esmeralda.Edison@gmail.com,doctor
780,Hettie,Cynar,Hettie.Cynar@yopmail.com,Hettie.Cynar@gmail.com,doctor
781,Anthia,Tatianas,Anthia.Tatianas@yopmail.com,Anthia.Tatianas@gmail.com,worker
782,Andree,Hirsch,Andree.Hirsch@yopmail.com,Andree.Hirsch@gmail.com,worker
783,Joelly,Ashely,Joelly.Ashely@yopmail.com,Joelly.Ashely@gmail.com,worker
784,Edith,Means,Edith.Means@yopmail.com,Edith.Means@gmail.com,developer
785,Marcy,Annice,Marcy.Annice@yopmail.com,Marcy.Annice@gmail.com,doctor
786,June,Carvey,June.Carvey@yopmail.com,June.Carvey@gmail.com,firefighter
787,Berta,Turne,Berta.Turne@yopmail.com,Berta.Turne@gmail.com,doctor
788,Farrah,Love,Farrah.Love@yopmail.com,Farrah.Love@gmail.com,developer
789,Daune,Cookie,Daune.Cookie@yopmail.com,Daune.Cookie@gmail.com,police officer
790,Tamqrah,Rocray,Tamqrah.Rocray@yopmail.com,Tamqrah.Rocray@gmail.com,firefighter
791,Dacia,Roumell,Dacia.Roumell@yopmail.com,Dacia.Roumell@gmail.com,developer
792,Dolli,Vins,Dolli.Vins@yopmail.com,Dolli.Vins@gmail.com,police officer
793,Dolli,Dreda,Dolli.Dreda@yopmail.com,Dolli.Dreda@gmail.com,developer
794,Consuela,Schalles,Consuela.Schalles@yopmail.com,Consuela.Schalles@gmail.com,doctor
795,Briney,Middleton,Briney.Middleton@yopmail.com,Briney.Middleton@gmail.com,worker
796,Annaliese,Yerkovich,Annaliese.Yerkovich@yopmail.com,Annaliese.Yerkovich@gmail.com,doctor
797,Norine,Ingra,Norine.Ingra@yopmail.com,Norine.Ingra@gmail.com,firefighter
798,Nollie,Kress,Nollie.Kress@yopmail.com,Nollie.Kress@gmail.com,worker
799,Doralynne,Armanda,Doralynne.Armanda@yopmail.com,Doralynne.Armanda@gmail.com,firefighter
800,Lynde,Pelagias,Lynde.Pelagias@yopmail.com,Lynde.Pelagias@gmail.com,firefighter
801,Tarra,Ammann,Tarra.Ammann@yopmail.com,Tarra.Ammann@gmail.com,doctor
802,Lanna,Hanshaw,Lanna.Hanshaw@yopmail.com,Lanna.Hanshaw@gmail.com,police officer
803,Kalina,Ardra,Kalina.Ardra@yopmail.com,Kalina.Ardra@gmail.com,police officer
804,Glynnis,Kiersten,Glynnis.Kiersten@yopmail.com,Glynnis.Kiersten@gmail.com,firefighter
805,Laure,Buffum,Laure.Buffum@yopmail.com,Laure.Buffum@gmail.com,worker
806,Zondra,Darrell,Zondra.Darrell@yopmail.com,Zondra.Darrell@gmail.com,worker
807,Tami,Maribeth,Tami.Maribeth@yopmail.com,Tami.Maribeth@gmail.com,worker
808,Ermengarde,Markman,Ermengarde.Markman@yopmail.com,Ermengarde.Markman@gmail.com,doctor
809,Chastity,Destinee,Chastity.Destinee@yopmail.com,Chastity.Destinee@gmail.com,doctor
810,Tatiania,Carey,Tatiania.Carey@yopmail.com,Tatiania.Carey@gmail.com,firefighter
811,Ebonee,Faria,Ebonee.Faria@yopmail.com,Ebonee.Faria@gmail.com,worker
812,Misha,Papageno,Misha.Papageno@yopmail.com,Misha.Papageno@gmail.com,developer
813,Elvira,Sawtelle,Elvira.Sawtelle@yopmail.com,Elvira.Sawtelle@gmail.com,developer
814,Tatiania,Melleta,Tatiania.Melleta@yopmail.com,Tatiania.Melleta@gmail.com,worker
815,Gale,Pitt,Gale.Pitt@yopmail.com,Gale.Pitt@gmail.com,firefighter
816,Aaren,Caitlin,Aaren.Caitlin@yopmail.com,Aaren.Caitlin@gmail.com,firefighter
817,Dorice,Mullane,Dorice.Mullane@yopmail.com,Dorice.Mullane@gmail.com,doctor
818,Ottilie,Pauly,Ottilie.Pauly@yopmail.com,Ottilie.Pauly@gmail.com,worker
819,Ursulina,Gwenore,Ursulina.Gwenore@yopmail.com,Ursulina.Gwenore@gmail.com,firefighter
820,Kimmy,Barbey,Kimmy.Barbey@yopmail.com,Kimmy.Barbey@gmail.com,developer
821,Dorene,Hathaway,Dorene.Hathaway@yopmail.com,Dorene.Hathaway@gmail.com,developer
822,Jean,Rona,Jean.Rona@yopmail.com,Jean.Rona@gmail.com,worker
823,Kirstin,Roscoe,Kirstin.Roscoe@yopmail.com,Kirstin.Roscoe@gmail.com,doctor
824,Linzy,Mehalek,Linzy.Mehalek@yopmail.com,Linzy.Mehalek@gmail.com,doctor
825,Meriel,Muriel,Meriel.Muriel@yopmail.com,Meriel.Muriel@gmail.com,firefighter
826,Melina,Maiah,Melina.Maiah@yopmail.com,Melina.Maiah@gmail.com,worker
827,Fredericka,Kunin,Fredericka.Kunin@yopmail.com,Fredericka.Kunin@gmail.com,firefighter
828,Vanessa,Colp,Vanessa.Colp@yopmail.com,Vanessa.Colp@gmail.com,doctor
829,Lindie,Jammal,Lindie.Jammal@yopmail.com,Lindie.Jammal@gmail.com,developer
830,Therine,Kiersten,Therine.Kiersten@yopmail.com,Therine.Kiersten@gmail.com,police officer
831,Etta,Corabella,Etta.Corabella@yopmail.com,Etta.Corabella@gmail.com,firefighter
832,Mignon,Dermott,Mignon.Dermott@yopmail.com,Mignon.Dermott@gmail.com,worker
833,Verla,Mozelle,Verla.Mozelle@yopmail.com,Verla.Mozelle@gmail.com,police officer
834,Dacia,Land,Dacia.Land@yopmail.com,Dacia.Land@gmail.com,firefighter
835,Tierney,Seessel,Tierney.Seessel@yopmail.com,Tierney.Seessel@gmail.com,worker
836,Alyda,Kenwood,Alyda.Kenwood@yopmail.com,Alyda.Kenwood@gmail.com,developer
837,Tressa,Lucienne,Tressa.Lucienne@yopmail.com,Tressa.Lucienne@gmail.com,police officer
838,Lulita,Brackely,Lulita.Brackely@yopmail.com,Lulita.Brackely@gmail.com,worker
839,Tonia,Cath,Tonia.Cath@yopmail.com,Tonia.Cath@gmail.com,doctor
840,Eugine,Fiester,Eugine.Fiester@yopmail.com,Eugine.Fiester@gmail.com,police officer
841,Tera,Ilka,Tera.Ilka@yopmail.com,Tera.Ilka@gmail.com,firefighter
842,Selia,Malanie,Selia.Malanie@yopmail.com,Selia.Malanie@gmail.com,doctor
843,Kate,Ioab,Kate.Ioab@yopmail.com,Kate.Ioab@gmail.com,worker
844,Ronna,Nester,Ronna.Nester@yopmail.com,Ronna.Nester@gmail.com,firefighter
845,Meghann,Penelopa,Meghann.Penelopa@yopmail.com,Meghann.Penelopa@gmail.com,police officer
846,Anestassia,Alva,Anestassia.Alva@yopmail.com,Anestassia.Alva@gmail.com,doctor
847,Emylee,Johnsson,Emylee.Johnsson@yopmail.com,Emylee.Johnsson@gmail.com,developer
848,Valeda,Holbrook,Valeda.Holbrook@yopmail.com,Valeda.Holbrook@gmail.com,worker
849,Lauryn,Othilia,Lauryn.Othilia@yopmail.com,Lauryn.Othilia@gmail.com,developer
850,Shannah,Georgy,Shannah.Georgy@yopmail.com,Shannah.Georgy@gmail.com,worker
851,Mathilda,Brandice,Mathilda.Brandice@yopmail.com,Mathilda.Brandice@gmail.com,developer
852,Sharlene,Olnee,Sharlene.Olnee@yopmail.com,Sharlene.Olnee@gmail.com,worker
853,Roz,Rossner,Roz.Rossner@yopmail.com,Roz.Rossner@gmail.com,doctor
854,Taffy,Anastatius,Taffy.Anastatius@yopmail.com,Taffy.Anastatius@gmail.com,police officer
855,Chickie,Gibbeon,Chickie.Gibbeon@yopmail.com,Chickie.Gibbeon@gmail.com,worker
856,Mara,Nicoline,Mara.Nicoline@yopmail.com,Mara.Nicoline@gmail.com,doctor
857,Kassey,My,Kassey.My@yopmail.com,Kassey.My@gmail.com,doctor
858,Fanny,Moina,Fanny.Moina@yopmail.com,Fanny.Moina@gmail.com,worker
859,Tilly,Viddah,Tilly.Viddah@yopmail.com,Tilly.Viddah@gmail.com,police officer
860,Aili,Bryna,Aili.Bryna@yopmail.com,Aili.Bryna@gmail.com,developer
861,Bill,Oneida,Bill.Oneida@yopmail.com,Bill.Oneida@gmail.com,doctor
862,Penelopa,Lindemann,Penelopa.Lindemann@yopmail.com,Penelopa.Lindemann@gmail.com,developer
863,Mellicent,Terrence,Mellicent.Terrence@yopmail.com,Mellicent.Terrence@gmail.com,police officer
864,Noelle,Fosque,Noelle.Fosque@yopmail.com,Noelle.Fosque@gmail.com,developer
865,Sallie,Greenwald,Sallie.Greenwald@yopmail.com,Sallie.Greenwald@gmail.com,police officer
866,Miquela,Bakerman,Miquela.Bakerman@yopmail.com,Miquela.Bakerman@gmail.com,worker
867,Daphne,Middleton,Daphne.Middleton@yopmail.com,Daphne.Middleton@gmail.com,police officer
868,Arlena,Cullin,Arlena.Cullin@yopmail.com,Arlena.Cullin@gmail.com,doctor
869,Caritta,Rocray,Caritta.Rocray@yopmail.com,Caritta.Rocray@gmail.com,developer
870,Lynea,Zachary,Lynea.Zachary@yopmail.com,Lynea.Zachary@gmail.com,firefighter
871,Rori,Cimbura,Rori.Cimbura@yopmail.com,Rori.Cimbura@gmail.com,firefighter
872,Micheline,Jacinda,Micheline.Jacinda@yopmail.com,Micheline.Jacinda@gmail.com,doctor
873,Annabela,Lesley,Annabela.Lesley@yopmail.com,Annabela.Lesley@gmail.com,firefighter
874,Daryl,Eiser,Daryl.Eiser@yopmail.com,Daryl.Eiser@gmail.com,developer
875,Lucille,Mintz,Lucille.Mintz@yopmail.com,Lucille.Mintz@gmail.com,police officer
876,Dominga,Horan,Dominga.Horan@yopmail.com,Dominga.Horan@gmail.com,doctor
877,Pierette,Maiah,Pierette.Maiah@yopmail.com,Pierette.Maiah@gmail.com,police officer
878,Nerta,Casimir,Nerta.Casimir@yopmail.com,Nerta.Casimir@gmail.com,firefighter
879,Brooks,Alejoa,Brooks.Alejoa@yopmail.com,Brooks.Alejoa@gmail.com,worker
880,Ezmeralda,Idelia,Ezmeralda.Idelia@yopmail.com,Ezmeralda.Idelia@gmail.com,firefighter
881,Kylynn,Nore,Kylynn.Nore@yopmail.com,Kylynn.Nore@gmail.com,firefighter
882,Lorenza,Gaal,Lorenza.Gaal@yopmail.com,Lorenza.Gaal@gmail.com,developer
883,Valera,Kronfeld,Valera.Kronfeld@yopmail.com,Valera.Kronfeld@gmail.com,firefighter
884,Rori,Natalia,Rori.Natalia@yopmail.com,Rori.Natalia@gmail.com,worker
885,Claudina,Shanley,Claudina.Shanley@yopmail.com,Claudina.Shanley@gmail.com,developer
886,Ardeen,Fosque,Ardeen.Fosque@yopmail.com,Ardeen.Fosque@gmail.com,developer
887,Lacie,Naor,Lacie.Naor@yopmail.com,Lacie.Naor@gmail.com,police officer
888,Molli,Yate,Molli.Yate@yopmail.com,Molli.Yate@gmail.com,developer
889,Sharlene,Lumbard,Sharlene.Lumbard@yopmail.com,Sharlene.Lumbard@gmail.com,firefighter
890,Ketti,Bultman,Ketti.Bultman@yopmail.com,Ketti.Bultman@gmail.com,doctor
891,Cissiee,Suanne,Cissiee.Suanne@yopmail.com,Cissiee.Suanne@gmail.com,police officer
892,Minda,Dulciana,Minda.Dulciana@yopmail.com,Minda.Dulciana@gmail.com,worker
893,Lonnie,Chinua,Lonnie.Chinua@yopmail.com,Lonnie.Chinua@gmail.com,firefighter
894,Rosaline,Katrine,Rosaline.Katrine@yopmail.com,Rosaline.Katrine@gmail.com,police officer
895,Joy,Euridice,Joy.Euridice@yopmail.com,Joy.Euridice@gmail.com,police officer
896,Alyda,Hedve,Alyda.Hedve@yopmail.com,Alyda.Hedve@gmail.com,worker
897,Nariko,Waldron,Nariko.Waldron@yopmail.com,Nariko.Waldron@gmail.com,firefighter
898,Marline,Zetta,Marline.Zetta@yopmail.com,Marline.Zetta@gmail.com,police officer
899,Marylou,Ferino,Marylou.Ferino@yopmail.com,Marylou.Ferino@gmail.com,police officer
900,Molli,Dyche,Molli.Dyche@yopmail.com,Molli.Dyche@gmail.com,police officer
901,Liana,Hoenack,Liana.Hoenack@yopmail.com,Liana.Hoenack@gmail.com,firefighter
902,Nikki,Imelida,Nikki.Imelida@yopmail.com,Nikki.Imelida@gmail.com,developer
903,Christian,Melony,Christian.Melony@yopmail.com,Christian.Melony@gmail.com,firefighter
904,Phylis,My,Phylis.My@yopmail.com,Phylis.My@gmail.com,firefighter
905,Raquela,Naor,Raquela.Naor@yopmail.com,Raquela.Naor@gmail.com,doctor
906,Rozele,Sparhawk,Rozele.Sparhawk@yopmail.com,Rozele.Sparhawk@gmail.com,worker
907,Asia,Orelee,Asia.Orelee@yopmail.com,Asia.Orelee@gmail.com,worker
908,Myriam,Jobi,Myriam.Jobi@yopmail.com,Myriam.Jobi@gmail.com,firefighter
909,Esmeralda,Hollingsworth,Esmeralda.Hollingsworth@yopmail.com,Esmeralda.Hollingsworth@gmail.com,firefighter
910,Orelia,Hebner,Orelia.Hebner@yopmail.com,Orelia.Hebner@gmail.com,developer
911,Dulcinea,Ailyn,Dulcinea.Ailyn@yopmail.com,Dulcinea.Ailyn@gmail.com,developer
912,Zsa Zsa,Leary,Zsa Zsa.Leary@yopmail.com,Zsa Zsa.Leary@gmail.com,doctor
913,Sheelagh,Ade,Sheelagh.Ade@yopmail.com,Sheelagh.Ade@gmail.com,doctor
914,Tersina,Duwalt,Tersina.Duwalt@yopmail.com,Tersina.Duwalt@gmail.com,firefighter
915,Daryl,Hunfredo,Daryl.Hunfredo@yopmail.com,Daryl.Hunfredo@gmail.com,worker
916,Marleah,Marsden,Marleah.Marsden@yopmail.com,Marleah.Marsden@gmail.com,police officer
917,Tamqrah,Maurine,Tamqrah.Maurine@yopmail.com,Tamqrah.Maurine@gmail.com,worker
918,Cathie,Azeria,Cathie.Azeria@yopmail.com,Cathie.Azeria@gmail.com,developer
919,Alleen,Berl,Alleen.Berl@yopmail.com,Alleen.Berl@gmail.com,police officer
920,Marleah,Liva,Marleah.Liva@yopmail.com,Marleah.Liva@gmail.com,firefighter
921,Latisha,Helfand,Latisha.Helfand@yopmail.com,Latisha.Helfand@gmail.com,firefighter
922,Olivette,Bettine,Olivette.Bettine@yopmail.com,Olivette.Bettine@gmail.com,doctor
923,Lauryn,Revkah,Lauryn.Revkah@yopmail.com,Lauryn.Revkah@gmail.com,developer
924,Sibella,Olnee,Sibella.Olnee@yopmail.com,Sibella.Olnee@gmail.com,police officer
925,Kathi,Euridice,Kathi.Euridice@yopmail.com,Kathi.Euridice@gmail.com,police officer
926,Tamqrah,Oriana,Tamqrah.Oriana@yopmail.com,Tamqrah.Oriana@gmail.com,police officer
927,Aurelie,Rodmann,Aurelie.Rodmann@yopmail.com,Aurelie.Rodmann@gmail.com,police officer
928,Netty,Han,Netty.Han@yopmail.com,Netty.Han@gmail.com,firefighter
929,Alameda,Jefferey,Alameda.Jefferey@yopmail.com,Alameda.Jefferey@gmail.com,doctor
930,Patricia,Lia,Patricia.Lia@yopmail.com,Patricia.Lia@gmail.com,police officer
931,Nollie,Anyah,Nollie.Anyah@yopmail.com,Nollie.Anyah@gmail.com,doctor
932,Hettie,Erb,Hettie.Erb@yopmail.com,Hettie.Erb@gmail.com,firefighter
933,Brandise,Plato,Brandise.Plato@yopmail.com,Brandise.Plato@gmail.com,firefighter
934,Genevra,Romelda,Genevra.Romelda@yopmail.com,Genevra.Romelda@gmail.com,developer
935,Concettina,Zina,Concettina.Zina@yopmail.com,Concettina.Zina@gmail.com,developer
936,Imojean,Azeria,Imojean.Azeria@yopmail.com,Imojean.Azeria@gmail.com,firefighter
937,Desirae,Dominy,Desirae.Dominy@yopmail.com,Desirae.Dominy@gmail.com,developer
938,Deirdre,Penelopa,Deirdre.Penelopa@yopmail.com,Deirdre.Penelopa@gmail.com,doctor
939,Jacenta,Raimondo,Jacenta.Raimondo@yopmail.com,Jacenta.Raimondo@gmail.com,police officer
940,Frank,Sothena,Frank.Sothena@yopmail.com,Frank.Sothena@gmail.com,doctor
941,Shannah,Andrel,Shannah.Andrel@yopmail.com,Shannah.Andrel@gmail.com,worker
942,Roz,Vale,Roz.Vale@yopmail.com,Roz.Vale@gmail.com,worker
943,Nonnah,Jena,Nonnah.Jena@yopmail.com,Nonnah.Jena@gmail.com,worker
944,Dulcinea,Merna,Dulcinea.Merna@yopmail.com,Dulcinea.Merna@gmail.com,worker
945,Desirae,Tybald,Desirae.Tybald@yopmail.com,Desirae.Tybald@gmail.com,police officer
946,Lindie,Holbrook,Lindie.Holbrook@yopmail.com,Lindie.Holbrook@gmail.com,doctor
947,Gretal,Goth,Gretal.Goth@yopmail.com,Gretal.Goth@gmail.com,developer
948,Regina,Harl,Regina.Harl@yopmail.com,Regina.Harl@gmail.com,doctor
949,Mureil,Lay,Mureil.Lay@yopmail.com,Mureil.Lay@gmail.com,firefighter
950,Daphne,Levey,Daphne.Levey@yopmail.com,Daphne.Levey@gmail.com,firefighter
951,Winny,Jacqui,Winny.Jacqui@yopmail.com,Winny.Jacqui@gmail.com,developer
952,Molli,Sikorski,Molli.Sikorski@yopmail.com,Molli.Sikorski@gmail.com,developer
953,Deedee,Rozanna,Deedee.Rozanna@yopmail.com,Deedee.Rozanna@gmail.com,worker
954,Tressa,Loleta,Tressa.Loleta@yopmail.com,Tressa.Loleta@gmail.com,police officer
955,Annabela,Helve,Annabela.Helve@yopmail.com,Annabela.Helve@gmail.com,firefighter
956,Daune,Bultman,Daune.Bultman@yopmail.com,Daune.Bultman@gmail.com,police officer
957,Xylina,Henrie,Xylina.Henrie@yopmail.com,Xylina.Henrie@gmail.com,developer
958,Darlleen,Aloise,Darlleen.Aloise@yopmail.com,Darlleen.Aloise@gmail.com,firefighter
959,Chloris,Gahl,Chloris.Gahl@yopmail.com,Chloris.Gahl@gmail.com,police officer
960,Shaine,Macey,Shaine.Macey@yopmail.com,Shaine.Macey@gmail.com,firefighter
961,Myriam,Longfellow,Myriam.Longfellow@yopmail.com,Myriam.Longfellow@gmail.com,developer
962,Camile,Swigart,Camile.Swigart@yopmail.com,Camile.Swigart@gmail.com,worker
963,Merle,Toffic,Merle.Toffic@yopmail.com,Merle.Toffic@gmail.com,police officer
964,Sue,Bivins,Sue.Bivins@yopmail.com,Sue.Bivins@gmail.com,developer
965,Kial,Thomasina,Kial.Thomasina@yopmail.com,Kial.Thomasina@gmail.com,worker
966,Bill,Sibyls,Bill.Sibyls@yopmail.com,Bill.Sibyls@gmail.com,police officer
967,Sean,McLaughlin,Sean.McLaughlin@yopmail.com,Sean.McLaughlin@gmail.com,doctor
968,Charmaine,Leler,Charmaine.Leler@yopmail.com,Charmaine.Leler@gmail.com,firefighter
969,Sam,Pillsbury,Sam.Pillsbury@yopmail.com,Sam.Pillsbury@gmail.com,doctor
970,Nessie,Joachim,Nessie.Joachim@yopmail.com,Nessie.Joachim@gmail.com,developer
971,Sharai,Annabella,Sharai.Annabella@yopmail.com,Sharai.Annabella@gmail.com,developer
972,Adore,Juliet,Adore.Juliet@yopmail.com,Adore.Juliet@gmail.com,worker
973,Emilia,Koziara,Emilia.Koziara@yopmail.com,Emilia.Koziara@gmail.com,developer
974,Karlee,Ciapas,Karlee.Ciapas@yopmail.com,Karlee.Ciapas@gmail.com,doctor
975,Frank,Natalia,Frank.Natalia@yopmail.com,Frank.Natalia@gmail.com,firefighter
976,Estell,Pelagias,Estell.Pelagias@yopmail.com,Estell.Pelagias@gmail.com,doctor
977,Justinn,Bouchard,Justinn.Bouchard@yopmail.com,Justinn.Bouchard@gmail.com,doctor
978,Amelia,Korey,Amelia.Korey@yopmail.com,Amelia.Korey@gmail.com,police officer
979,Cyb,Callista,Cyb.Callista@yopmail.com,Cyb.Callista@gmail.com,firefighter
980,Therine,Lea,Therine.Lea@yopmail.com,Therine.Lea@gmail.com,firefighter
981,Hope,Posner,Hope.Posner@yopmail.com,Hope.Posner@gmail.com,police officer
982,Madelle,Isidore,Madelle.Isidore@yopmail.com,Madelle.Isidore@gmail.com,worker
983,Merry,Decato,Merry.Decato@yopmail.com,Merry.Decato@gmail.com,firefighter
984,Nataline,Arathorn,Nataline.Arathorn@yopmail.com,Nataline.Arathorn@gmail.com,police officer
985,Kore,Lorain,Kore.Lorain@yopmail.com,Kore.Lorain@gmail.com,firefighter
986,Marcelline,Solitta,Marcelline.Solitta@yopmail.com,Marcelline.Solitta@gmail.com,developer
987,Fawne,Ivens,Fawne.Ivens@yopmail.com,Fawne.Ivens@gmail.com,firefighter
988,Tatiania,Cecile,Tatiania.Cecile@yopmail.com,Tatiania.Cecile@gmail.com,worker
989,Cindelyn,Brandice,Cindelyn.Brandice@yopmail.com,Cindelyn.Brandice@gmail.com,doctor
990,Britte,Standing,Britte.Standing@yopmail.com,Britte.Standing@gmail.com,firefighter
991,Talya,Wilkinson,Talya.Wilkinson@yopmail.com,Talya.Wilkinson@gmail.com,police officer
992,Valli,Phaidra,Valli.Phaidra@yopmail.com,Valli.Phaidra@gmail.com,developer
993,Meghann,Ludewig,Meghann.Ludewig@yopmail.com,Meghann.Ludewig@gmail.com,doctor
994,Goldie,Gert,Goldie.Gert@yopmail.com,Goldie.Gert@gmail.com,developer
995,Flory,Grobe,Flory.Grobe@yopmail.com,Flory.Grobe@gmail.com,police officer
996,Maridel,Estella,Maridel.Estella@yopmail.com,Maridel.Estella@gmail.com,firefighter
997,Tierney,Harned,Tierney.Harned@yopmail.com,Tierney.Harned@gmail.com,developer
998,Karina,Pond,Karina.Pond@yopmail.com,Karina.Pond@gmail.com,police officer
999,Daryl,Dearborn,Daryl.Dearborn@yopmail.com,Daryl.Dearborn@gmail.com,doctor
1000,Miquela,Lorain,Miquela.Lorain@yopmail.com,Miquela.Lorain@gmail.com,doctor
1001,Lesly,Friede,Lesly.Friede@yopmail.com,Lesly.Friede@gmail.com,doctor
1002,Ileana,Sundin,Ileana.Sundin@yopmail.com,Ileana.Sundin@gmail.com,police officer
1003,Beverley,Greyson,Beverley.Greyson@yopmail.com,Beverley.Greyson@gmail.com,doctor
1004,Marcy,Bach,Marcy.Bach@yopmail.com,Marcy.Bach@gmail.com,doctor
1005,Fidelia,Gemini,Fidelia.Gemini@yopmail.com,Fidelia.Gemini@gmail.com,worker
1006,Desirae,Vittoria,Desirae.Vittoria@yopmail.com,Desirae.Vittoria@gmail.com,worker
1007,Carilyn,Fitzsimmons,Carilyn.Fitzsimmons@yopmail.com,Carilyn.Fitzsimmons@gmail.com,firefighter
1008,Ofilia,Suk,Ofilia.Suk@yopmail.com,Ofilia.Suk@gmail.com,developer
1009,Korrie,Gabrielli,Korrie.Gabrielli@yopmail.com,Korrie.Gabrielli@gmail.com,developer
1010,Lenna,Ummersen,Lenna.Ummersen@yopmail.com,Lenna.Ummersen@gmail.com,firefighter
1011,Hayley,Bettine,Hayley.Bettine@yopmail.com,Hayley.Bettine@gmail.com,worker
1012,Corene,Ranjiv,Corene.Ranjiv@yopmail.com,Corene.Ranjiv@gmail.com,police officer
1013,Fredericka,Thunell,Fredericka.Thunell@yopmail.com,Fredericka.Thunell@gmail.com,doctor
1014,Maurene,Wilkinson,Maurene.Wilkinson@yopmail.com,Maurene.Wilkinson@gmail.com,developer
1015,Shell,Haerr,Shell.Haerr@yopmail.com,Shell.Haerr@gmail.com,police officer
1016,Tina,Tound,Tina.Tound@yopmail.com,Tina.Tound@gmail.com,worker
1017,Clementine,Deny,Clementine.Deny@yopmail.com,Clementine.Deny@gmail.com,firefighter
1018,Ekaterina,Marijo,Ekaterina.Marijo@yopmail.com,Ekaterina.Marijo@gmail.com,worker
1019,Moyna,Sammons,Moyna.Sammons@yopmail.com,Moyna.Sammons@gmail.com,developer
1020,Shirlee,Vivle,Shirlee.Vivle@yopmail.com,Shirlee.Vivle@gmail.com,firefighter
1021,Genovera,Carolin,Genovera.Carolin@yopmail.com,Genovera.Carolin@gmail.com,firefighter
1022,Rhea,Bettine,Rhea.Bettine@yopmail.com,Rhea.Bettine@gmail.com,developer
1023,Jany,Burch,Jany.Burch@yopmail.com,Jany.Burch@gmail.com,developer
1024,Neila,Scammon,Neila.Scammon@yopmail.com,Neila.Scammon@gmail.com,doctor
1025,Starla,Boehike,Starla.Boehike@yopmail.com,Starla.Boehike@gmail.com,developer
1026,Lucille,Anselmi,Lucille.Anselmi@yopmail.com,Lucille.Anselmi@gmail.com,firefighter
1027,Madeleine,Therine,Madeleine.Therine@yopmail.com,Madeleine.Therine@gmail.com,police officer
1028,Kamilah,Fulmer,Kamilah.Fulmer@yopmail.com,Kamilah.Fulmer@gmail.com,police officer
1029,Joleen,Gino,Joleen.Gino@yopmail.com,Joleen.Gino@gmail.com,doctor
1030,Dulce,Bergman,Dulce.Bergman@yopmail.com,Dulce.Bergman@gmail.com,worker
1031,Tatiania,Ogren,Tatiania.Ogren@yopmail.com,Tatiania.Ogren@gmail.com,worker
1032,Jordan,Brodench,Jordan.Brodench@yopmail.com,Jordan.Brodench@gmail.com,police officer
1033,Gloria,Jillane,Gloria.Jillane@yopmail.com,Gloria.Jillane@gmail.com,developer
1034,Rubie,Creamer,Rubie.Creamer@yopmail.com,Rubie.Creamer@gmail.com,police officer
1035,Merry,Dex,Merry.Dex@yopmail.com,Merry.Dex@gmail.com,doctor
1036,Loree,Garlinda,Loree.Garlinda@yopmail.com,Loree.Garlinda@gmail.com,worker
1037,Marjie,Ethban,Marjie.Ethban@yopmail.com,Marjie.Ethban@gmail.com,doctor
1038,Rani,Chabot,Rani.Chabot@yopmail.com,Rani.Chabot@gmail.com,firefighter
1039,Mahalia,Monaco,Mahalia.Monaco@yopmail.com,Mahalia.Monaco@gmail.com,doctor
1040,Dorthy,Kaete,Dorthy.Kaete@yopmail.com,Dorthy.Kaete@gmail.com,developer
1041,Konstance,Virgin,Konstance.Virgin@yopmail.com,Konstance.Virgin@gmail.com,police officer
1042,Georgina,Jess,Georgina.Jess@yopmail.com,Georgina.Jess@gmail.com,firefighter
1043,Viviene,Brittani,Viviene.Brittani@yopmail.com,Viviene.Brittani@gmail.com,doctor
1044,Jere,Ciro,Jere.Ciro@yopmail.com,Jere.Ciro@gmail.com,worker
1045,Almeta,Hazlett,Almeta.Hazlett@yopmail.com,Almeta.Hazlett@gmail.com,firefighter
1046,Aigneis,Marcellus,Aigneis.Marcellus@yopmail.com,Aigneis.Marcellus@gmail.com,developer
1047,Brandise,Abbot,Brandise.Abbot@yopmail.com,Brandise.Abbot@gmail.com,firefighter
1048,Halette,Frendel,Halette.Frendel@yopmail.com,Halette.Frendel@gmail.com,police officer
1049,Tarra,Cosenza,Tarra.Cosenza@yopmail.com,Tarra.Cosenza@gmail.com,firefighter
1050,Magdalena,Natica,Magdalena.Natica@yopmail.com,Magdalena.Natica@gmail.com,police officer
1051,Addia,Kunin,Addia.Kunin@yopmail.com,Addia.Kunin@gmail.com,developer
1052,Madalyn,Rese,Madalyn.Rese@yopmail.com,Madalyn.Rese@gmail.com,firefighter
1053,Adelle,Trey,Adelle.Trey@yopmail.com,Adelle.Trey@gmail.com,developer
1054,Netty,Adalbert,Netty.Adalbert@yopmail.com,Netty.Adalbert@gmail.com,doctor
1055,Emma,Horan,Emma.Horan@yopmail.com,Emma.Horan@gmail.com,worker
1056,Berta,Tomasina,Berta.Tomasina@yopmail.com,Berta.Tomasina@gmail.com,firefighter
1057,Belinda,Duwalt,Belinda.Duwalt@yopmail.com,Belinda.Duwalt@gmail.com,police officer
1058,Cherrita,Behre,Cherrita.Behre@yopmail.com,Cherrita.Behre@gmail.com,developer
1059,Stevana,Wesle,Stevana.Wesle@yopmail.com,Stevana.Wesle@gmail.com,police officer
1060,Susan,Torray,Susan.Torray@yopmail.com,Susan.Torray@gmail.com,worker
1061,Tierney,Goode,Tierney.Goode@yopmail.com,Tierney.Goode@gmail.com,worker
1062,Eolanda,Burkle,Eolanda.Burkle@yopmail.com,Eolanda.Burkle@gmail.com,developer
1063,Lelah,Horan,Lelah.Horan@yopmail.com,Lelah.Horan@gmail.com,worker
1064,Clo,Grimbly,Clo.Grimbly@yopmail.com,Clo.Grimbly@gmail.com,developer
1065,Joeann,Dermott,Joeann.Dermott@yopmail.com,Joeann.Dermott@gmail.com,police officer
1066,Letizia,Raul,Letizia.Raul@yopmail.com,Letizia.Raul@gmail.com,doctor
1067,Katharina,Aloise,Katharina.Aloise@yopmail.com,Katharina.Aloise@gmail.com,firefighter
1068,Jaime,Schlosser,Jaime.Schlosser@yopmail.com,Jaime.Schlosser@gmail.com,doctor
1069,Harrietta,Bergman,Harrietta.Bergman@yopmail.com,Harrietta.Bergman@gmail.com,firefighter
1070,Carmencita,Merriott,Carmencita.Merriott@yopmail.com,Carmencita.Merriott@gmail.com,worker
1071,Jeanna,Dituri,Jeanna.Dituri@yopmail.com,Jeanna.Dituri@gmail.com,worker
1072,Katleen,Aaberg,Katleen.Aaberg@yopmail.com,Katleen.Aaberg@gmail.com,doctor
1073,Jaime,Bettine,Jaime.Bettine@yopmail.com,Jaime.Bettine@gmail.com,doctor
1074,Tressa,Hewitt,Tressa.Hewitt@yopmail.com,Tressa.Hewitt@gmail.com,worker
1075,Magdalena,Rillings,Magdalena.Rillings@yopmail.com,Magdalena.Rillings@gmail.com,firefighter
1076,Annecorinne,Chobot,Annecorinne.Chobot@yopmail.com,Annecorinne.Chobot@gmail.com,doctor
1077,Elise,Kevon,Elise.Kevon@yopmail.com,Elise.Kevon@gmail.com,police officer
1078,Fred,Margarete,Fred.Margarete@yopmail.com,Fred.Margarete@gmail.com,doctor
1079,Collen,Chinua,Collen.Chinua@yopmail.com,Collen.Chinua@gmail.com,worker
1080,Candy,Lymann,Candy.Lymann@yopmail.com,Candy.Lymann@gmail.com,doctor
1081,Catrina,Barney,Catrina.Barney@yopmail.com,Catrina.Barney@gmail.com,worker
1082,Ofilia,Urania,Ofilia.Urania@yopmail.com,Ofilia.Urania@gmail.com,doctor
1083,Cindelyn,Zaslow,Cindelyn.Zaslow@yopmail.com,Cindelyn.Zaslow@gmail.com,developer
1084,Carolina,Forrer,Carolina.Forrer@yopmail.com,Carolina.Forrer@gmail.com,doctor
1085,Valera,Libna,Valera.Libna@yopmail.com,Valera.Libna@gmail.com,worker
1086,Amii,Elephus,Amii.Elephus@yopmail.com,Amii.Elephus@gmail.com,worker
1087,Aubrie,Aloise,Aubrie.Aloise@yopmail.com,Aubrie.Aloise@gmail.com,developer
1088,Betta,Larochelle,Betta.Larochelle@yopmail.com,Betta.Larochelle@gmail.com,developer
1089,Florencia,Hanshaw,Florencia.Hanshaw@yopmail.com,Florencia.Hanshaw@gmail.com,worker
1090,Felice,Erlandson,Felice.Erlandson@yopmail.com,Felice.Erlandson@gmail.com,police officer
1091,Dorothy,Leffen,Dorothy.Leffen@yopmail.com,Dorothy.Leffen@gmail.com,developer
1092,Renae,Hunfredo,Renae.Hunfredo@yopmail.com,Renae.Hunfredo@gmail.com,firefighter
1093,Anallese,Quinn,Anallese.Quinn@yopmail.com,Anallese.Quinn@gmail.com,police officer
1094,Demetris,Charity,Demetris.Charity@yopmail.com,Demetris.Charity@gmail.com,police officer
1095,Lenna,Elephus,Lenna.Elephus@yopmail.com,Lenna.Elephus@gmail.com,worker
1096,Melodie,An,Melodie.An@yopmail.com,Melodie.An@gmail.com,doctor
1097,Antonietta,Socha,Antonietta.Socha@yopmail.com,Antonietta.Socha@gmail.com,firefighter
1098,Valeda,Wenda,Valeda.Wenda@yopmail.com,Valeda.Wenda@gmail.com,worker
1099,Tierney,Casimir,Tierney.Casimir@yopmail.com,Tierney.Casimir@gmail.com,firefighter